id,tema,escopo,pergunta,indicador,ano,universo,folga_10_11,top10
c0001,paises,África,Quais os países que mais exportam na África?,NE.EXP.GNFS.CD,2024,48,0.105,"1. África do Sul (US$ 127,5 bi) | 2. Marrocos (US$ 67,5 bi) | 3. Egito (US$ 63,7 bi) | 4. Argélia (US$ 53,5 bi) | 5. Líbia (US$ 34,8 bi) | 6. República Democrática do Congo (US$ 34,6 bi) | 7. Angola (US$ 31,8 bi) | 8. Gana (US$ 29,2 bi) | 9. Tunísia (US$ 25,7 bi) | 10. Costa do Marfim (US$ 22,7 bi)"
c0002,paises,Ásia,Quais os países que mais exportam na Ásia?,NE.EXP.GNFS.CD,2024,38,0.4887,"1. China (US$ 3,83 tri) | 2. Singapura (US$ 1,00 tri) | 3. Japão (US$ 921,0 bi) | 4. Coreia do Sul (US$ 831,9 bi) | 5. Índia (US$ 829,8 bi) | 6. Vietnã (US$ 429,5 bi) | 7. Tailândia (US$ 368,8 bi) | 8. Arábia Saudita (US$ 368,6 bi) | 9. Indonésia (US$ 311,5 bi) | 10. Malásia (US$ 301,2 bi)"
c0003,paises,Américas,Quais os países que mais exportam nas Américas?,NE.EXP.GNFS.CD,2024,23,0.0387,"1. Estados Unidos (US$ 3,22 tri) | 2. Canadá (US$ 737,1 bi) | 3. México (US$ 682,5 bi) | 4. Brasil (US$ 392,1 bi) | 5. Chile (US$ 111,1 bi) | 6. Argentina (US$ 97,3 bi) | 7. Peru (US$ 84,3 bi) | 8. Colômbia (US$ 67,6 bi) | 9. Panamá (US$ 38,4 bi) | 10. Equador (US$ 37,8 bi)"
c0004,paises,União Europeia,Quais os países que mais exportam na União Europeia?,NE.EXP.GNFS.CD,2024,27,0.0121,"1. Alemanha (US$ 1,94 tri) | 2. França (US$ 1,07 tri) | 3. Países Baixos (US$ 1,00 tri) | 4. Irlanda (US$ 877,1 bi) | 5. Itália (US$ 770,7 bi) | 6. Espanha (US$ 639,5 bi) | 7. Bélgica (US$ 532,2 bi) | 8. Polônia (US$ 478,9 bi) | 9. Suécia (US$ 329,6 bi) | 10. Dinamarca (US$ 301,4 bi)"
c0005,paises,mundo,Quais os países que mais importam?,NE.IMP.GNFS.CD,2024,163,0.0189,"1. Estados Unidos (US$ 4,11 tri) | 2. China (US$ 3,28 tri) | 3. Alemanha (US$ 1,76 tri) | 4. Reino Unido (US$ 1,17 tri) | 5. França (US$ 1,08 tri) | 6. Japão (US$ 958,4 bi) | 7. Índia (US$ 897,1 bi) | 8. Países Baixos (US$ 867,5 bi) | 9. Singapura (US$ 794,3 bi) | 10. Coreia do Sul (US$ 755,5 bi)"
c0006,paises,Europa,Quais os países que mais importam na Europa?,NE.IMP.GNFS.CD,2024,42,0.1316,"1. Alemanha (US$ 1,76 tri) | 2. Reino Unido (US$ 1,17 tri) | 3. França (US$ 1,08 tri) | 4. Países Baixos (US$ 867,5 bi) | 5. Itália (US$ 721,2 bi) | 6. Irlanda (US$ 622,5 bi) | 7. Suíça (US$ 573,7 bi) | 8. Espanha (US$ 567,6 bi) | 9. Bélgica (US$ 534,8 bi) | 10. Polônia (US$ 442,2 bi)"
c0007,paises,mundo,Quais os países com o maior PIB?,NY.GDP.MKTP.CD,2025,182,0.0172,"1. Estados Unidos (US$ 30,77 tri) | 2. China (US$ 19,50 tri) | 3. Alemanha (US$ 5,05 tri) | 4. Japão (US$ 4,44 tri) | 5. Reino Unido (US$ 4,00 tri) | 6. Índia (US$ 3,96 tri) | 7. França (US$ 3,37 tri) | 8. Rússia (US$ 2,56 tri) | 9. Itália (US$ 2,55 tri) | 10. Canadá (US$ 2,32 tri)"
c0008,paises,África,Quais os países com o maior PIB na África?,NY.GDP.MKTP.CD,2025,52,0.0876,"1. África do Sul (US$ 427,2 bi) | 2. Egito (US$ 365,3 bi) | 3. Nigéria (US$ 290,8 bi) | 4. Argélia (US$ 287,0 bi) | 5. Marrocos (US$ 182,4 bi) | 6. Quênia (US$ 135,9 bi) | 7. Etiópia (US$ 126,4 bi) | 8. Angola (US$ 122,2 bi) | 9. Gana (US$ 114,2 bi) | 10. Costa do Marfim (US$ 99,8 bi)"
c0009,paises,Europa,Quais os países com o maior PIB por habitante na Europa?,NY.GDP.PCAP.CD,2025,38,0.0252,1. Irlanda (US$ 131.592) | 2. Suíça (US$ 114.769) | 3. Noruega (US$ 94.594) | 4. Dinamarca (US$ 76.970) | 5. Países Baixos (US$ 73.684) | 6. Suécia (US$ 63.133) | 7. Áustria (US$ 62.930) | 8. Bélgica (US$ 60.750) | 9. Alemanha (US$ 60.496) | 10. Reino Unido (US$ 57.602)
c0010,paises,África,Quais os países com o maior PIB por habitante na África?,NY.GDP.PCAP.CD,2025,48,0.1178,1. Maurício (US$ 12.991) | 2. Gabão (US$ 8.263) | 3. Botsuana (US$ 7.778) | 4. Guiné Equatorial (US$ 6.615) | 5. África do Sul (US$ 6.598) | 6. Líbia (US$ 6.449) | 7. Argélia (US$ 6.051) | 8. Namíbia (US$ 4.876) | 9. Marrocos (US$ 4.672) | 10. Tunísia (US$ 4.657)
c0011,paises,Ásia,Quais os países com o maior PIB por habitante na Ásia?,NY.GDP.PCAP.CD,2025,37,0.0565,1. Singapura (US$ 98.814) | 2. Catar (US$ 72.525) | 3. Israel (US$ 60.337) | 4. Coreia do Sul (US$ 36.227) | 5. Japão (US$ 35.951) | 6. Arábia Saudita (US$ 34.537) | 7. Kuwait (US$ 32.312) | 8. Bahrein (US$ 30.597) | 9. Omã (US$ 19.947) | 10. Cazaquistão (US$ 14.692)
c0012,paises,Américas,Quais os países com o maior PIB por habitante nas Américas?,NY.GDP.PCAP.CD,2025,23,0.0313,1. Estados Unidos (US$ 90.027) | 2. Canadá (US$ 55.698) | 3. Uruguai (US$ 25.216) | 4. Costa Rica (US$ 19.970) | 5. Panamá (US$ 19.790) | 6. Trindade e Tobago (US$ 18.967) | 7. Chile (US$ 17.995) | 8. Argentina (US$ 14.898) | 9. México (US$ 13.889) | 10. República Dominicana (US$ 11.059)
c0013,paises,mundo,Quais os países mais ricos por habitante (ajustado por poder de compra)?,NY.GDP.PCAP.PP.CD,2025,148,0.0097,1. Singapura (US$ 163.354) | 2. Irlanda (US$ 155.089) | 3. Catar (US$ 128.883) | 4. Noruega (US$ 104.044) | 5. Suíça (US$ 102.513) | 6. Estados Unidos (US$ 90.027) | 7. Países Baixos (US$ 87.320) | 8. Dinamarca (US$ 83.218) | 9. Áustria (US$ 76.778) | 10. Alemanha (US$ 75.407)
c0014,paises,União Europeia,Quais os países mais ricos por habitante (ajustado por poder de compra) na União Europeia?,NY.GDP.PCAP.PP.CD,2025,25,0.0183,1. Irlanda (US$ 155.089) | 2. Países Baixos (US$ 87.320) | 3. Dinamarca (US$ 83.218) | 4. Áustria (US$ 76.778) | 5. Alemanha (US$ 75.407) | 6. Bélgica (US$ 74.676) | 7. Suécia (US$ 72.529) | 8. Finlândia (US$ 65.884) | 9. Chipre (US$ 64.575) | 10. França (US$ 63.975)
c0015,paises,mundo,Quais as economias que mais cresceram no ano?,NY.GDP.MKTP.KD.ZG,2025,149,0.0173,"1. Líbia (13,4%) | 2. Irlanda (12,3%) | 3. Quirguistão (11,1%) | 4. Etiópia (9,8%) | 5. Ruanda (9,4%) | 6. Tajiquistão (8,4%) | 7. Zimbábue (8,1%) | 8. Benin (8,1%) | 9. Vietnã (8,0%) | 10. Uzbequistão (7,7%)"
c0016,paises,mundo,Quais as economias que mais encolheram no ano?,NY.GDP.MKTP.KD.ZG,2025,149,0.5293,"1. Guiné Equatorial (-5,8%) | 2. Irã (-2,8%) | 3. Haiti (-2,7%) | 4. Iraque (-2,2%) | 5. Mianmar (-2,0%) | 6. Bolívia (-1,6%) | 7. Trindade e Tobago (-0,8%) | 8. Botsuana (-0,7%) | 9. Moçambique (-0,5%) | 10. Jamaica (0,1%)"
c0017,paises,mundo,Quais os países com a maior inflação?,FP.CPI.TOTL.ZG,2025,136,0.0092,"1. Irã (42,2%) | 2. Turquia (34,9%) | 3. Burundi (34,1%) | 4. Haiti (28,6%) | 5. Malawi (28,4%) | 6. Nigéria (23,0%) | 7. Angola (20,2%) | 8. Bolívia (19,5%) | 9. Líbano (14,6%) | 10. Gana (14,2%)"
c0018,paises,mundo,Quais os países com as maiores reservas internacionais?,FI.RES.TOTL.CD,2024,161,0.1275,"1. China (US$ 3,46 tri) | 2. Japão (US$ 1,23 tri) | 3. Estados Unidos (US$ 910,0 bi) | 4. Suíça (US$ 909,4 bi) | 5. Índia (US$ 643,0 bi) | 6. Rússia (US$ 608,4 bi) | 7. Arábia Saudita (US$ 463,9 bi) | 8. Coreia do Sul (US$ 418,2 bi) | 9. Singapura (US$ 383,9 bi) | 10. Alemanha (US$ 377,9 bi)"
c0019,paises,Europa,Quais os países com as maiores reservas internacionais na Europa?,FI.RES.TOTL.CD,2024,43,0.0058,"1. Suíça (US$ 909,4 bi) | 2. Rússia (US$ 608,4 bi) | 3. Alemanha (US$ 377,9 bi) | 4. Itália (US$ 290,5 bi) | 5. França (US$ 282,9 bi) | 6. Polônia (US$ 223,1 bi) | 7. Reino Unido (US$ 174,6 bi) | 8. Turquia (US$ 155,5 bi) | 9. Tchéquia (US$ 146,3 bi) | 10. Dinamarca (US$ 108,4 bi)"
c0020,paises,África,Quais os países com as maiores reservas internacionais na África?,FI.RES.TOTL.CD,2024,38,0.405,"1. Líbia (US$ 92,9 bi) | 2. Argélia (US$ 83,0 bi) | 3. África do Sul (US$ 65,4 bi) | 4. Egito (US$ 44,9 bi) | 5. Nigéria (US$ 40,4 bi) | 6. Marrocos (US$ 37,1 bi) | 7. Angola (US$ 14,2 bi) | 8. Quênia (US$ 10,1 bi) | 9. Tunísia (US$ 9,3 bi) | 10. Maurício (US$ 8,5 bi)"
c0021,paises,Europa,Quais os países que mais recebem investimento estrangeiro direto na Europa?,BX.KLT.DINV.CD.WD,2024,43,0.0104,"1. Luxemburgo (US$ 106,0 bi) | 2. Alemanha (US$ 62,6 bi) | 3. França (US$ 52,1 bi) | 4. Espanha (US$ 42,8 bi) | 5. Malta (US$ 42,6 bi) | 6. Suécia (US$ 30,7 bi) | 7. Itália (US$ 28,5 bi) | 8. Polônia (US$ 20,6 bi) | 9. Dinamarca (US$ 18,2 bi) | 10. Áustria (US$ 13,7 bi)"
c0022,paises,África,Quais os países que mais recebem investimento estrangeiro direto na África?,BX.KLT.DINV.CD.WD,2024,52,0.0875,"1. Egito (US$ 46,6 bi) | 2. Etiópia (US$ 4,0 bi) | 3. Moçambique (US$ 3,5 bi) | 4. Uganda (US$ 3,3 bi) | 5. Costa do Marfim (US$ 3,1 bi) | 6. República Democrática do Congo (US$ 2,9 bi) | 7. Zâmbia (US$ 2,4 bi) | 8. África do Sul (US$ 2,3 bi) | 9. Senegal (US$ 2,0 bi) | 10. Namíbia (US$ 1,9 bi)"
c0023,paises,União Europeia,Quais os países que mais recebem investimento estrangeiro direto na União Europeia?,BX.KLT.DINV.CD.WD,2024,27,0.0104,"1. Luxemburgo (US$ 106,0 bi) | 2. Alemanha (US$ 62,6 bi) | 3. França (US$ 52,1 bi) | 4. Espanha (US$ 42,8 bi) | 5. Malta (US$ 42,6 bi) | 6. Suécia (US$ 30,7 bi) | 7. Itália (US$ 28,5 bi) | 8. Polônia (US$ 20,6 bi) | 9. Dinamarca (US$ 18,2 bi) | 10. Áustria (US$ 13,7 bi)"
c0024,paises,mundo,Quais os países que mais recebem dinheiro enviado por emigrantes?,BX.TRF.PWKR.CD.DT,2024,157,0.0218,"1. Índia (US$ 137,7 bi) | 2. México (US$ 67,6 bi) | 3. Filipinas (US$ 40,3 bi) | 4. França (US$ 38,8 bi) | 5. Paquistão (US$ 34,9 bi) | 6. Egito (US$ 29,6 bi) | 7. Bangladesh (US$ 27,5 bi) | 8. China (US$ 25,0 bi) | 9. Alemanha (US$ 22,2 bi) | 10. Nigéria (US$ 22,1 bi)"
c0025,paises,Europa,Quais os países que mais recebem dinheiro enviado por emigrantes na Europa?,BX.TRF.PWKR.CD.DT,2024,43,0.0361,"1. França (US$ 38,8 bi) | 2. Alemanha (US$ 22,2 bi) | 3. Bélgica (US$ 15,5 bi) | 4. Itália (US$ 12,1 bi) | 5. Ucrânia (US$ 12,0 bi) | 6. Romênia (US$ 9,5 bi) | 7. Polônia (US$ 8,7 bi) | 8. Croácia (US$ 6,7 bi) | 9. Espanha (US$ 6,3 bi) | 10. Sérvia (US$ 5,8 bi)"
c0026,paises,África,Quais os países que mais recebem dinheiro enviado por emigrantes na África?,BX.TRF.PWKR.CD.DT,2024,40,0.0156,"1. Egito (US$ 29,6 bi) | 2. Nigéria (US$ 22,1 bi) | 3. Marrocos (US$ 12,5 bi) | 4. Etiópia (US$ 7,1 bi) | 5. Quênia (US$ 5,0 bi) | 6. Zimbábue (US$ 3,5 bi) | 7. Tunísia (US$ 3,3 bi) | 8. Gana (US$ 3,0 bi) | 9. República Democrática do Congo (US$ 2,0 bi) | 10. Argélia (US$ 1,8 bi)"
c0027,paises,Ásia,Quais os países que mais recebem dinheiro enviado por emigrantes na Ásia?,BX.TRF.PWKR.CD.DT,2024,34,0.0661,"1. Índia (US$ 137,7 bi) | 2. Filipinas (US$ 40,3 bi) | 3. Paquistão (US$ 34,9 bi) | 4. Bangladesh (US$ 27,5 bi) | 5. China (US$ 25,0 bi) | 6. Uzbequistão (US$ 16,6 bi) | 7. Indonésia (US$ 16,0 bi) | 8. Nepal (US$ 11,3 bi) | 9. Tailândia (US$ 9,5 bi) | 10. Coreia do Sul (US$ 7,3 bi)"
c0028,paises,Américas,Quais os países que mais recebem dinheiro enviado por emigrantes nas Américas?,BX.TRF.PWKR.CD.DT,2024,31,0.0064,"1. México (US$ 67,6 bi) | 2. Guatemala (US$ 21,6 bi) | 3. Colômbia (US$ 11,9 bi) | 4. República Dominicana (US$ 11,3 bi) | 5. Honduras (US$ 9,5 bi) | 6. Estados Unidos (US$ 8,7 bi) | 7. El Salvador (US$ 8,5 bi) | 8. Equador (US$ 6,5 bi) | 9. Nicarágua (US$ 5,2 bi) | 10. Peru (US$ 4,9 bi)"
c0029,paises,União Europeia,Quais os países que mais recebem dinheiro enviado por emigrantes na União Europeia?,BX.TRF.PWKR.CD.DT,2024,27,0.0352,"1. França (US$ 38,8 bi) | 2. Alemanha (US$ 22,2 bi) | 3. Bélgica (US$ 15,5 bi) | 4. Itália (US$ 12,1 bi) | 5. Romênia (US$ 9,5 bi) | 6. Polônia (US$ 8,7 bi) | 7. Croácia (US$ 6,7 bi) | 8. Espanha (US$ 6,3 bi) | 9. Hungria (US$ 5,6 bi) | 10. Países Baixos (US$ 4,7 bi)"
c0030,paises,mundo,Em quais países o comércio exterior pesa mais na economia?,NE.TRD.GNFS.ZS,2024,141,0.0096,"1. Singapura (313,3%) | 2. Irlanda (246,2%) | 3. Djibuti (241,2%) | 4. Chipre (190,4%) | 5. Vietnã (173,9%) | 6. Eslováquia (171,2%) | 7. Bélgica (159,0%) | 8. Bahrein (157,5%) | 9. Eslovênia (155,7%) | 10. Países Baixos (154,0%)"
c0031,paises,mundo,Em quais países o comércio exterior pesa menos na economia?,NE.TRD.GNFS.ZS,2024,141,0.1648,"1. Sudão (2,0%) | 2. Etiópia (17,4%) | 3. Haiti (18,7%) | 4. Níger (24,4%) | 5. Estados Unidos (25,0%) | 6. Venezuela (26,2%) | 7. Bangladesh (26,8%) | 8. Paquistão (27,6%) | 9. Argentina (27,9%) | 10. Turquemenistão (28,7%)"
c0032,paises,mundo,Quais os países que mais exportam mercadorias (sem contar serviços)?,TX.VAL.MRCH.CD.WT,2025,190,0.1455,"1. China (US$ 3,77 tri) | 2. Estados Unidos (US$ 2,19 tri) | 3. Alemanha (US$ 1,76 tri) | 4. Países Baixos (US$ 989,2 bi) | 5. Japão (US$ 738,3 bi) | 6. Itália (US$ 726,5 bi) | 7. Coreia do Sul (US$ 709,3 bi) | 8. Emirados Árabes Unidos (US$ 706,7 bi) | 9. França (US$ 683,1 bi) | 10. México (US$ 664,8 bi)"
c0033,paises,África,Quais os países que mais exportam produtos de alta tecnologia na África?,TX.VAL.TECH.CD,2023,42,0.0712,"1. África do Sul (US$ 2,2 bi) | 2. Marrocos (US$ 1,7 bi) | 3. Tunísia (US$ 1,2 bi) | 4. Egito (US$ 697,0 mi) | 5. Costa do Marfim (US$ 110,0 mi) | 6. Angola (US$ 89,9 mi) | 7. Djibuti (US$ 88,7 mi) | 8. Nigéria (US$ 65,2 mi) | 9. Quênia (US$ 60,1 mi) | 10. Tanzânia (US$ 43,1 mi)"
c0034,paises,Américas,Quais os países que mais exportam produtos de alta tecnologia nas Américas?,TX.VAL.TECH.CD,2023,30,0.2133,"1. Estados Unidos (US$ 208,5 bi) | 2. México (US$ 84,0 bi) | 3. Canadá (US$ 41,5 bi) | 4. Brasil (US$ 8,1 bi) | 5. Costa Rica (US$ 2,8 bi) | 6. Chile (US$ 1,8 bi) | 7. Colômbia (US$ 873,2 mi) | 8. Argentina (US$ 689,7 mi) | 9. República Dominicana (US$ 454,1 mi) | 10. Guatemala (US$ 377,0 mi)"
c0035,paises,mundo,Quais os países que mais arrecadam imposto em relação ao tamanho da economia?,GC.TAX.TOTL.GD.ZS,2022,104,0.0391,"1. Dinamarca (30,7%) | 2. Lesoto (30,4%) | 3. Noruega (30,3%) | 4. Nova Zelândia (29,2%) | 5. Suécia (28,2%) | 6. Grécia (27,5%) | 7. Namíbia (27,2%) | 8. Reino Unido (26,6%) | 9. Áustria (26,1%) | 10. África do Sul (26,0%)"
c0036,paises,mundo,Quais os países em desenvolvimento com a maior dívida externa?,DT.DOD.DECT.CD,2024,118,0.0831,"1. China (US$ 2,42 tri) | 2. Índia (US$ 716,5 bi) | 3. Brasil (US$ 605,5 bi) | 4. México (US$ 591,3 bi) | 5. Turquia (US$ 515,0 bi) | 6. Indonésia (US$ 421,1 bi) | 7. Argentina (US$ 242,4 bi) | 8. Colômbia (US$ 201,8 bi) | 9. Ucrânia (US$ 193,5 bi) | 10. Tailândia (US$ 191,8 bi)"
c0037,paises,mundo,Quais os países com o maior desemprego?,SL.UEM.TOTL.ZS,2025,152,0.0454,"1. Essuatíni (34,2%) | 2. África do Sul (32,4%) | 3. Djibuti (26,0%) | 4. Botsuana (24,5%) | 5. Gabão (20,2%) | 6. República do Congo (19,9%) | 7. Namíbia (19,3%) | 8. Somália (18,9%) | 9. Líbia (18,8%) | 10. Iêmen (17,3%)"
c0038,paises,mundo,Quais os países com o menor desemprego?,SL.UEM.TOTL.ZS,2025,152,0.0312,"1. Catar (0,1%) | 2. Camboja (0,3%) | 3. Níger (0,4%) | 4. Tailândia (0,8%) | 5. Burundi (0,9%) | 6. Chade (1,1%) | 7. Bahrein (1,1%) | 8. Laos (1,2%) | 9. Moldávia (1,5%) | 10. Vietnã (1,5%)"
c0039,paises,Europa,Quais os países com o maior desemprego na Europa?,SL.UEM.TOTL.ZS,2025,36,0.0556,"1. Macedônia do Norte (12,3%) | 2. Bósnia e Herzegovina (11,0%) | 3. Albânia (10,9%) | 4. Espanha (10,4%) | 5. Finlândia (9,5%) | 6. Suécia (8,7%) | 7. Grécia (8,5%) | 8. Turquia (8,5%) | 9. Estônia (8,3%) | 10. França (7,5%)"
c0040,paises,África,Quais os países com o maior desemprego na África?,SL.UEM.TOTL.ZS,2025,48,0.074,"1. Essuatíni (34,2%) | 2. África do Sul (32,4%) | 3. Djibuti (26,0%) | 4. Botsuana (24,5%) | 5. Gabão (20,2%) | 6. República do Congo (19,9%) | 7. Namíbia (19,3%) | 8. Somália (18,9%) | 9. Líbia (18,8%) | 10. Lesoto (16,3%)"
c0041,paises,Ásia,Quais os países com o maior desemprego na Ásia?,SL.UEM.TOTL.ZS,2025,41,0.2127,"1. Iêmen (17,3%) | 2. Jordânia (16,5%) | 3. Iraque (15,5%) | 4. Síria (13,6%) | 5. Afeganistão (13,4%) | 6. Armênia (12,9%) | 7. Geórgia (12,1%) | 8. Nepal (10,5%) | 9. Irã (8,3%) | 10. Tajiquistão (6,9%)"
c0042,paises,Américas,Quais os países com o maior desemprego nas Américas?,SL.UEM.TOTL.ZS,2025,24,0.0358,"1. Haiti (14,9%) | 2. Chile (9,0%) | 3. Panamá (8,4%) | 4. Colômbia (8,3%) | 5. Uruguai (7,5%) | 6. Argentina (7,1%) | 7. Canadá (6,9%) | 8. Costa Rica (6,8%) | 9. Brasil (6,0%) | 10. Venezuela (5,3%)"
c0043,paises,União Europeia,Quais os países com o maior desemprego na União Europeia?,SL.UEM.TOTL.ZS,2025,25,0.0279,"1. Espanha (10,4%) | 2. Finlândia (9,5%) | 3. Suécia (8,7%) | 4. Grécia (8,5%) | 5. Estônia (8,3%) | 6. França (7,5%) | 7. Lituânia (6,7%) | 8. Letônia (6,6%) | 9. Itália (6,4%) | 10. Portugal (6,2%)"
c0044,paises,mundo,Em quais países menos mulheres participam da força de trabalho?,SL.TLF.CACT.FE.ZS,2025,152,0.0485,"1. Iêmen (4,7%) | 2. Afeganistão (5,1%) | 3. Iraque (10,9%) | 4. Síria (12,7%) | 5. Irã (14,0%) | 6. Argélia (14,1%) | 7. Jordânia (16,0%) | 8. Egito (18,5%) | 9. Djibuti (19,4%) | 10. Marrocos (19,7%)"
c0045,paises,Europa,Quais os países mais populosos na Europa?,SP.POP.TOTL,2025,46,0.049,"1. Rússia (143,5 mi) | 2. Turquia (85,9 mi) | 3. Alemanha (83,5 mi) | 4. Reino Unido (69,5 mi) | 5. França (68,7 mi) | 6. Itália (58,9 mi) | 7. Espanha (49,4 mi) | 8. Ucrânia (39,0 mi) | 9. Polônia (36,4 mi) | 10. Romênia (19,0 mi)"
c0046,paises,África,Quais os países mais populosos na África?,SP.POP.TOTL,2025,54,0.177,"1. Nigéria (237,5 mi) | 2. Etiópia (135,5 mi) | 3. Egito (118,4 mi) | 4. República Democrática do Congo (112,8 mi) | 5. Tanzânia (70,5 mi) | 6. África do Sul (64,7 mi) | 7. Quênia (57,5 mi) | 8. Sudão (51,7 mi) | 9. Uganda (51,4 mi) | 10. Argélia (47,4 mi)"
c0047,paises,Ásia,Quais os países mais populosos na Ásia?,SP.POP.TOTL,2025,46,0.2341,"1. Índia (1,46 bi) | 2. China (1,41 bi) | 3. Indonésia (285,7 mi) | 4. Paquistão (255,2 mi) | 5. Bangladesh (175,7 mi) | 6. Japão (123,4 mi) | 7. Filipinas (116,8 mi) | 8. Vietnã (101,6 mi) | 9. Irã (92,4 mi) | 10. Tailândia (71,6 mi)"
c0048,paises,mundo,Quais os maiores países em território?,AG.SRF.TOTL.K2,2023,194,0.0155,1. Rússia (17.125.190 km²) | 2. Canadá (15.634.410 km²) | 3. Estados Unidos (9.831.510 km²) | 4. China (9.562.910 km²) | 5. Brasil (8.510.420 km²) | 6. Austrália (7.741.220 km²) | 7. Índia (3.287.260 km²) | 8. Argentina (2.780.400 km²) | 9. Cazaquistão (2.724.902 km²) | 10. Argélia (2.381.740 km²)
c0049,paises,Europa,Quais os maiores países em território na Europa?,AG.SRF.TOTL.K2,2023,45,0.0378,1. Rússia (17.125.190 km²) | 2. Turquia (785.350 km²) | 3. Noruega (624.500 km²) | 4. França (606.410 km²) | 5. Ucrânia (603.550 km²) | 6. Suécia (528.660 km²) | 7. Espanha (505.976 km²) | 8. Alemanha (357.680 km²) | 9. Finlândia (338.480 km²) | 10. Polônia (313.930 km²)
c0050,paises,África,Quais os maiores países em território na África?,AG.SRF.TOTL.K2,2023,54,0.0929,1. Argélia (2.381.740 km²) | 2. República Democrática do Congo (2.344.860 km²) | 3. Sudão (1.878.000 km²) | 4. Líbia (1.759.540 km²) | 5. Chade (1.284.000 km²) | 6. Níger (1.267.000 km²) | 7. Angola (1.246.700 km²) | 8. Mali (1.240.190 km²) | 9. África do Sul (1.219.090 km²) | 10. Etiópia (1.136.240 km²)
c0051,paises,Ásia,Quais os maiores países em território na Ásia?,AG.SRF.TOTL.K2,2023,46,0.1913,1. China (9.562.910 km²) | 2. Índia (3.287.260 km²) | 3. Cazaquistão (2.724.902 km²) | 4. Arábia Saudita (2.149.690 km²) | 5. Indonésia (1.916.907 km²) | 6. Irã (1.745.150 km²) | 7. Mongólia (1.564.116 km²) | 8. Paquistão (796.100 km²) | 9. Mianmar (676.590 km²) | 10. Afeganistão (652.870 km²)
c0052,paises,União Europeia,Quais os maiores países em território na União Europeia?,AG.SRF.TOTL.K2,2023,27,0.1619,1. França (606.410 km²) | 2. Suécia (528.660 km²) | 3. Espanha (505.976 km²) | 4. Alemanha (357.680 km²) | 5. Finlândia (338.480 km²) | 6. Polônia (313.930 km²) | 7. Itália (302.070 km²) | 8. Romênia (238.400 km²) | 9. Grécia (131.960 km²) | 10. Bulgária (110.997 km²)
c0053,paises,mundo,Quais os países mais densamente povoados?,EN.POP.DNST,2023,157,0.0871,"1. Singapura (8.241,8) | 2. Bahrein (1.971,3) | 3. Bangladesh (1.319,2) | 4. Palestina (857,4) | 5. Maurício (625,3) | 6. Ruanda (565,6) | 7. Líbano (564,4) | 8. Burundi (533,1) | 9. Países Baixos (531,0) | 10. Coreia do Sul (529,8)"
c0054,paises,mundo,Quais os países mais vazios (menos gente por km²)?,EN.POP.DNST,2023,157,0.0893,"1. Mongólia (2,23) | 2. Austrália (3,47) | 3. Namíbia (3,60) | 4. Líbia (4,15) | 5. Botsuana (4,38) | 6. Canadá (4,56) | 7. Mauritânia (4,87) | 8. Cazaquistão (7,53) | 9. República Centro-Africana (8,27) | 10. Rússia (8,78)"
c0055,paises,mundo,Quais os países mais urbanizados?,SP.URB.TOTL.IN.ZS,2025,158,0.0055,"1. Bahrein (100,0%) | 2. Kuwait (100,0%) | 3. Singapura (100,0%) | 4. Catar (99,4%) | 5. Países Baixos (95,9%) | 6. Uruguai (95,7%) | 7. Jordânia (93,2%) | 8. Argentina (92,4%) | 9. Japão (92,3%) | 10. Gabão (92,1%)"
c0056,paises,mundo,Quais os países onde mais gente vive no campo?,SP.URB.TOTL.IN.ZS,2025,158,0.0306,"1. Papua-Nova Guiné (15,8%) | 2. Malawi (17,6%) | 3. Níger (18,4%) | 4. Sri Lanka (20,5%) | 5. Sudão do Sul (21,7%) | 6. Etiópia (24,1%) | 7. Burundi (25,7%) | 8. Afeganistão (25,9%) | 9. Tajiquistão (26,2%) | 10. Essuatíni (26,7%)"
c0057,paises,Ásia,Quais os países mais urbanizados na Ásia?,SP.URB.TOTL.IN.ZS,2025,43,0.0157,"1. Bahrein (100,0%) | 2. Kuwait (100,0%) | 3. Singapura (100,0%) | 4. Catar (99,4%) | 5. Jordânia (93,2%) | 6. Japão (92,3%) | 7. Israel (91,6%) | 8. Líbano (91,0%) | 9. Palestina (87,4%) | 10. Emirados Árabes Unidos (86,0%)"
c0058,paises,Américas,Quais os países mais urbanizados nas Américas?,SP.URB.TOTL.IN.ZS,2025,24,0.0118,"1. Uruguai (95,7%) | 2. Argentina (92,4%) | 3. Venezuela (89,3%) | 4. Chile (89,2%) | 5. Brasil (88,2%) | 6. Peru (85,6%) | 7. Canadá (82,9%) | 8. Estados Unidos (80,2%) | 9. México (80,0%) | 10. Costa Rica (79,7%)"
c0059,paises,União Europeia,Quais os países mais urbanizados na União Europeia?,SP.URB.TOTL.IN.ZS,2025,25,0.0175,"1. Países Baixos (95,9%) | 2. Suécia (89,1%) | 3. Dinamarca (88,8%) | 4. Bélgica (87,7%) | 5. Alemanha (82,1%) | 6. Espanha (80,5%) | 7. Grécia (79,2%) | 8. França (78,8%) | 9. Finlândia (74,5%) | 10. Bulgária (74,2%)"
c0060,paises,Américas,Quais os países com mais gente vivendo na zona rural nas Américas?,SP.RUR.TOTL,2025,35,0.2022,"1. Estados Unidos (67,7 mi) | 2. México (26,3 mi) | 3. Brasil (25,2 mi) | 4. Colômbia (11,3 mi) | 5. Guatemala (8,2 mi) | 6. Canadá (7,1 mi) | 7. Equador (6,7 mi) | 8. Haiti (5,3 mi) | 9. Peru (5,0 mi) | 10. Honduras (4,5 mi)"
c0061,paises,União Europeia,Quais os países com mais gente vivendo na zona rural na União Europeia?,SP.RUR.TOTL,2025,27,0.0912,"1. Itália (17,9 mi) | 2. Alemanha (14,9 mi) | 3. Polônia (14,5 mi) | 4. França (14,5 mi) | 5. Espanha (9,6 mi) | 6. Romênia (9,1 mi) | 7. Portugal (4,2 mi) | 8. Tchéquia (3,0 mi) | 9. Áustria (2,8 mi) | 10. Hungria (2,8 mi)"
c0062,paises,mundo,Quais os países cuja população mais cresce?,SP.POP.GROW,2025,158,0.0065,"1. Emirados Árabes Unidos (4,7%) | 2. Arábia Saudita (4,6%) | 3. Omã (4,0%) | 4. Catar (3,9%) | 5. Síria (3,8%) | 6. Chade (3,4%) | 7. República Centro-Africana (3,4%) | 8. Somália (3,3%) | 9. Níger (3,2%) | 10. República Democrática do Congo (3,2%)"
c0063,paises,mundo,Quais os países cuja população mais encolhe?,SP.POP.GROW,2025,158,0.0183,"1. Moldávia (-1,8%) | 2. Albânia (-1,2%) | 3. Kosovo (-1,1%) | 4. Letônia (-1,0%) | 5. Bósnia e Herzegovina (-0,8%) | 6. Sri Lanka (-0,7%) | 7. Kuwait (-0,7%) | 8. Sérvia (-0,6%) | 9. Belarus (-0,5%) | 10. Hungria (-0,5%)"
c0064,paises,mundo,Quais os países onde as mulheres têm mais filhos?,SP.DYN.TFRT.IN,2024,158,0.0139,"1. Chade (6,03) | 2. Somália (6,01) | 3. República Democrática do Congo (5,98) | 4. República Centro-Africana (5,95) | 5. Níger (5,93) | 6. Mali (5,51) | 7. Angola (5,05) | 8. Burundi (4,79) | 9. Afeganistão (4,76) | 10. Moçambique (4,69)"
c0065,paises,África,Quais os países onde as mulheres têm mais filhos na África?,SP.DYN.TFRT.IN,2024,50,0.0182,"1. Chade (6,03) | 2. Somália (6,01) | 3. República Democrática do Congo (5,98) | 4. República Centro-Africana (5,95) | 5. Níger (5,93) | 6. Mali (5,51) | 7. Angola (5,05) | 8. Burundi (4,79) | 9. Moçambique (4,69) | 10. Mauritânia (4,62)"
c0066,paises,Ásia,Quais os países onde as mulheres têm mais filhos na Ásia?,SP.DYN.TFRT.IN,2024,43,0.0144,"1. Afeganistão (4,76) | 2. Iêmen (4,50) | 3. Paquistão (3,55) | 4. Uzbequistão (3,49) | 5. Palestina (3,25) | 6. Iraque (3,22) | 7. Tajiquistão (3,04) | 8. Cazaquistão (2,98) | 9. Israel (2,87) | 10. Síria (2,70)"
c0067,paises,Américas,Quais os países onde as mulheres têm mais filhos nas Américas?,SP.DYN.TFRT.IN,2024,24,0.0372,"1. Haiti (2,62) | 2. Bolívia (2,52) | 3. Honduras (2,48) | 4. Paraguai (2,42) | 5. Guatemala (2,29) | 6. República Dominicana (2,22) | 7. Nicarágua (2,21) | 8. Panamá (2,11) | 9. Venezuela (2,08) | 10. Peru (1,97)"
c0068,paises,União Europeia,Quais os países onde as mulheres têm mais filhos na União Europeia?,SP.DYN.TFRT.IN,2024,25,0.014,"1. Bulgária (1,72) | 2. França (1,61) | 3. Eslovênia (1,52) | 4. Dinamarca (1,47) | 5. Irlanda (1,47) | 6. Croácia (1,46) | 7. Eslováquia (1,46) | 8. Bélgica (1,44) | 9. Países Baixos (1,43) | 10. Suécia (1,43)"
c0069,paises,mundo,Quais os países mais envelhecidos?,SP.POP.65UP.TO.ZS,2025,158,0.0136,"1. Japão (30,0%) | 2. Itália (25,1%) | 3. Portugal (24,9%) | 4. Grécia (24,4%) | 5. Finlândia (24,2%) | 6. Alemanha (23,7%) | 7. Croácia (23,6%) | 8. Sérvia (23,1%) | 9. Bósnia e Herzegovina (22,9%) | 10. França (22,5%)"
c0070,paises,mundo,Quais os países mais jovens?,SP.POP.65UP.TO.ZS,2025,158,0.0156,"1. Catar (1,7%) | 2. Emirados Árabes Unidos (1,8%) | 3. Zâmbia (2,0%) | 4. Chade (2,1%) | 5. República Centro-Africana (2,2%) | 6. Uganda (2,2%) | 7. Mali (2,4%) | 8. Afeganistão (2,4%) | 9. Iêmen (2,5%) | 10. Burundi (2,5%)"
c0071,paises,África,Quais os países mais envelhecidos na África?,SP.POP.65UP.TO.ZS,2025,50,0.0301,"1. Maurício (14,1%) | 2. Tunísia (9,9%) | 3. Marrocos (8,5%) | 4. África do Sul (6,9%) | 5. Argélia (6,8%) | 6. Egito (5,3%) | 7. Líbia (5,2%) | 8. Djibuti (5,0%) | 9. Essuatíni (4,3%) | 10. Eritreia (4,3%)"
c0072,paises,Ásia,Quais os países mais envelhecidos na Ásia?,SP.POP.65UP.TO.ZS,2025,43,0.1629,"1. Japão (30,0%) | 2. Coreia do Sul (20,3%) | 3. Tailândia (16,0%) | 4. Geórgia (16,0%) | 5. China (14,9%) | 6. Armênia (14,4%) | 7. Singapura (14,2%) | 8. Coreia do Norte (12,7%) | 9. Israel (12,7%) | 10. Sri Lanka (12,5%)"
c0073,paises,Américas,Quais os países mais envelhecidos nas Américas?,SP.POP.65UP.TO.ZS,2025,24,0.0178,"1. Canadá (20,3%) | 2. Estados Unidos (18,4%) | 3. Cuba (17,0%) | 4. Uruguai (16,3%) | 5. Chile (14,6%) | 6. Trindade e Tobago (12,9%) | 7. Costa Rica (12,8%) | 8. Argentina (12,6%) | 9. Brasil (11,5%) | 10. Colômbia (10,2%)"
c0074,paises,União Europeia,Quais os países mais envelhecidos na União Europeia?,SP.POP.65UP.TO.ZS,2025,25,0.0177,"1. Itália (25,1%) | 2. Portugal (24,9%) | 3. Grécia (24,4%) | 4. Finlândia (24,2%) | 5. Alemanha (23,7%) | 6. Croácia (23,6%) | 7. França (22,5%) | 8. Bulgária (22,2%) | 9. Eslovênia (22,2%) | 10. Letônia (22,2%)"
c0075,paises,mundo,Quais os países que mais abrigam imigrantes?,SM.POP.TOTL,2024,194,0.0687,"1. Estados Unidos (52,4 mi) | 2. Alemanha (16,8 mi) | 3. Arábia Saudita (13,7 mi) | 4. Reino Unido (11,8 mi) | 5. França (9,2 mi) | 6. Espanha (8,9 mi) | 7. Canadá (8,8 mi) | 8. Emirados Árabes Unidos (8,2 mi) | 9. Austrália (8,1 mi) | 10. Rússia (7,6 mi)"
c0076,paises,Ásia,Quais os países que mais abrigam imigrantes na Ásia?,SM.POP.TOTL,2024,46,0.0859,"1. Arábia Saudita (13,7 mi) | 2. Emirados Árabes Unidos (8,2 mi) | 3. Jordânia (5,3 mi) | 4. Índia (4,8 mi) | 5. Paquistão (4,2 mi) | 6. Irã (3,8 mi) | 7. Malásia (3,8 mi) | 8. Japão (3,4 mi) | 9. Kuwait (3,3 mi) | 10. Tailândia (3,2 mi)"
c0077,paises,mundo,Quais os países com a menor mortalidade infantil?,SP.DYN.IMRT.IN,2024,158,0.0435,"1. Estônia (1,50) | 2. Belarus (1,80) | 3. Japão (1,80) | 4. Eslovênia (1,80) | 5. Finlândia (1,90) | 6. Noruega (2,00) | 7. Suécia (2,00) | 8. Tchéquia (2,10) | 9. Letônia (2,20) | 10. Singapura (2,20)"
c0078,paises,Europa,Quais os países com a maior mortalidade infantil na Europa?,SP.DYN.IMRT.IN,2024,38,0.1087,"1. Moldávia (15,1) | 2. Albânia (8,30) | 3. Kosovo (8,00) | 4. Turquia (8,00) | 5. Ucrânia (7,60) | 6. Romênia (6,00) | 7. Bósnia e Herzegovina (5,50) | 8. Eslováquia (5,30) | 9. Bulgária (4,60) | 10. Sérvia (4,60)"
c0079,paises,Ásia,Quais os países com a maior mortalidade infantil na Ásia?,SP.DYN.IMRT.IN,2024,43,0.0472,"1. Afeganistão (48,3) | 2. Paquistão (48,2) | 3. Timor-Leste (34,6) | 4. Iêmen (33,8) | 5. Mianmar (32,8) | 6. Turquemenistão (30,4) | 7. Laos (27,2) | 8. Bangladesh (24,4) | 9. Tajiquistão (23,5) | 10. Índia (23,3)"
c0080,paises,Américas,Quais os países com a maior mortalidade infantil nas Américas?,SP.DYN.IMRT.IN,2024,24,0.0163,"1. Haiti (39,0) | 2. República Dominicana (27,7) | 3. Venezuela (21,2) | 4. Guatemala (17,2) | 5. Trindade e Tobago (17,0) | 6. Jamaica (16,4) | 7. Paraguai (14,5) | 8. Bolívia (14,2) | 9. Honduras (12,8) | 10. Brasil (12,3)"
c0081,paises,União Europeia,Quais os países com a maior mortalidade infantil na União Europeia?,SP.DYN.IMRT.IN,2024,25,0.0588,"1. Romênia (6,00) | 2. Eslováquia (5,30) | 3. Bulgária (4,60) | 4. Croácia (4,10) | 5. Chipre (4,10) | 6. Polônia (3,60) | 7. Dinamarca (3,50) | 8. França (3,40) | 9. Irlanda (3,40) | 10. Países Baixos (3,40)"
c0082,paises,mundo,Quais os países com mais médicos por habitante?,SH.MED.PHYS.ZS,2020,120,0.0085,"1. Cuba (9,29) | 2. Grécia (6,19) | 3. Portugal (5,58) | 4. Áustria (5,34) | 5. Argentina (5,30) | 6. Geórgia (5,12) | 7. Noruega (4,68) | 8. Belarus (4,61) | 9. Espanha (4,55) | 10. Lituânia (4,48)"
c0083,paises,mundo,Quais os países com menos médicos por habitante?,SH.MED.PHYS.ZS,2020,120,0.0238,"1. Níger (0,04) | 2. Sudão do Sul (0,04) | 3. Malawi (0,05) | 4. Chade (0,06) | 5. Burundi (0,07) | 6. Serra Leoa (0,07) | 7. Quênia (0,07) | 8. Gâmbia (0,08) | 9. Togo (0,08) | 10. Senegal (0,08)"
c0084,paises,Europa,Quais os países com mais médicos por habitante na Europa?,SH.MED.PHYS.ZS,2020,35,0.0126,"1. Grécia (6,19) | 2. Portugal (5,58) | 3. Áustria (5,34) | 4. Noruega (4,68) | 5. Belarus (4,61) | 6. Espanha (4,55) | 7. Lituânia (4,48) | 8. Alemanha (4,44) | 9. Suíça (4,39) | 10. Dinamarca (4,38)"
c0085,paises,África,Quais os países com mais médicos por habitante na África?,SH.MED.PHYS.ZS,2020,31,0.0482,"1. Maurício (2,69) | 2. Tunísia (1,31) | 3. Egito (0,67) | 4. Gabão (0,59) | 5. Botsuana (0,43) | 6. Namíbia (0,38) | 7. Zâmbia (0,25) | 8. Mauritânia (0,20) | 9. Guiné-Bissau (0,19) | 10. Gana (0,17)"
c0086,paises,Ásia,Quais os países com mais médicos por habitante na Ásia?,SH.MED.PHYS.ZS,2020,35,0.0174,"1. Geórgia (5,12) | 2. Mongólia (3,78) | 3. Cazaquistão (3,66) | 4. Israel (3,57) | 5. Armênia (3,16) | 6. Azerbaijão (3,12) | 7. Arábia Saudita (3,08) | 8. Emirados Árabes Unidos (2,83) | 9. Líbano (2,68) | 10. Singapura (2,64)"
c0087,paises,União Europeia,Quais os países com mais médicos por habitante na União Europeia?,SH.MED.PHYS.ZS,2020,25,0.0441,"1. Grécia (6,19) | 2. Portugal (5,58) | 3. Áustria (5,34) | 4. Espanha (4,55) | 5. Lituânia (4,48) | 6. Alemanha (4,44) | 7. Dinamarca (4,38) | 8. Suécia (4,32) | 9. Bulgária (4,28) | 10. Tchéquia (4,15)"
c0088,paises,mundo,Quais os países com mais leitos de hospital por habitante?,SH.MED.BEDS.ZS,2021,107,0.0206,"1. Coreia do Sul (12,8) | 2. Japão (12,6) | 3. Mongólia (10,6) | 4. Belarus (10,0) | 5. Bulgária (7,92) | 6. Alemanha (7,71) | 7. Romênia (7,16) | 8. Rússia (6,99) | 9. Áustria (6,91) | 10. Hungria (6,79)"
c0089,paises,mundo,Quais os países que mais bebem?,SH.ALC.PCAP.LI,2020,154,0.0182,"1. Romênia (16,8) | 2. Geórgia (14,4) | 3. Letônia (12,9) | 4. Lituânia (12,1) | 5. Tchéquia (12,0) | 6. Alemanha (11,8) | 7. Polônia (11,7) | 8. Belarus (11,6) | 9. Bulgária (11,6) | 10. Áustria (11,5)"
c0090,paises,mundo,Quais os países que menos bebem?,SH.ALC.PCAP.LI,2020,154,0.087,"1. Kuwait (0,00) | 2. Mauritânia (0,00) | 3. Arábia Saudita (0,00) | 4. Somália (0,00) | 5. Sudão (0,01) | 6. Afeganistão (0,01) | 7. Líbia (0,01) | 8. Iêmen (0,04) | 9. Indonésia (0,07) | 10. Paquistão (0,08)"
c0091,paises,Europa,Quais os países que mais bebem na Europa?,SH.ALC.PCAP.LI,2020,36,0.028,"1. Romênia (16,8) | 2. Letônia (12,9) | 3. Lituânia (12,1) | 4. Tchéquia (12,0) | 5. Alemanha (11,8) | 6. Polônia (11,7) | 7. Belarus (11,6) | 8. Bulgária (11,6) | 9. Áustria (11,5) | 10. Moldávia (11,1)"
c0092,paises,África,Quais os países que mais bebem na África?,SH.ALC.PCAP.LI,2020,49,0.0339,"1. Uganda (11,3) | 2. Burkina Faso (11,3) | 3. Tanzânia (10,9) | 4. Camarões (9,60) | 5. Benin (8,83) | 6. Gabão (8,14) | 7. Botsuana (7,27) | 8. África do Sul (7,13) | 9. Maurício (6,86) | 10. Essuatíni (6,79)"
c0093,paises,Ásia,Quais os países que mais bebem na Ásia?,SH.ALC.PCAP.LI,2020,42,0.0131,"1. Geórgia (14,4) | 2. Laos (10,8) | 3. Vietnã (8,04) | 4. Tailândia (7,99) | 5. Coreia do Sul (7,79) | 6. Mongólia (7,68) | 7. Camboja (6,67) | 8. Japão (6,38) | 9. Filipinas (5,66) | 10. China (4,58)"
c0094,paises,Américas,Quais os países que mais bebem nas Américas?,SH.ALC.PCAP.LI,2020,24,0.041,"1. Estados Unidos (9,90) | 2. Canadá (9,89) | 3. Argentina (8,05) | 4. Brasil (7,70) | 5. Chile (7,56) | 6. República Dominicana (6,50) | 7. Peru (6,45) | 8. Trindade e Tobago (6,03) | 9. Paraguai (5,62) | 10. Uruguai (5,61)"
c0095,paises,mundo,Quais os países com mais fumantes?,SH.PRV.SMOK,2024,140,0.0058,"1. Timor-Leste (48,8%) | 2. Líbano (46,9%) | 3. Mianmar (43,4%) | 4. Sérvia (39,7%) | 5. Macedônia do Norte (39,6%) | 6. Papua-Nova Guiné (39,3%) | 7. Bulgária (38,7%) | 8. Bósnia e Herzegovina (37,1%) | 9. Palestina (35,5%) | 10. Letônia (34,6%)"
c0096,paises,mundo,Quais os países com menos fumantes?,SH.PRV.SMOK,2024,140,0.1233,"1. Nigéria (3,1%) | 2. Gana (3,3%) | 3. Panamá (4,8%) | 4. Etiópia (5,2%) | 5. Libéria (5,2%) | 6. Senegal (5,4%) | 7. Turquemenistão (5,4%) | 8. Camarões (5,7%) | 9. Togo (5,8%) | 10. Paraguai (6,4%)"
c0097,paises,mundo,Quais os países com a maior taxa de suicídio?,SH.STA.SUIC.P5,2021,157,0.0076,"1. Lesoto (28,7) | 2. Coreia do Sul (27,5) | 3. Essuatíni (27,2) | 4. Uruguai (24,8) | 5. África do Sul (22,3) | 6. Lituânia (22,1) | 7. Rússia (21,4) | 8. Ucrânia (21,2) | 9. Eslovênia (18,9) | 10. Mongólia (18,5)"
c0098,paises,mundo,Quais os países com a menor taxa de suicídio?,SH.STA.SUIC.P5,2021,157,0.0769,"1. Síria (0,59) | 2. Jordânia (0,60) | 3. Egito (0,63) | 4. Palestina (0,65) | 5. Líbano (0,70) | 6. Omã (0,91) | 7. Arábia Saudita (0,95) | 8. Indonésia (1,20) | 9. Peru (1,54) | 10. Azerbaijão (1,56)"
c0099,paises,África,Quais os países com a maior taxa de suicídio na África?,SH.STA.SUIC.P5,2021,50,0.0103,"1. Lesoto (28,7) | 2. Essuatíni (27,2) | 3. África do Sul (22,3) | 4. Zimbábue (17,3) | 5. Eritreia (13,2) | 6. Moçambique (10,6) | 7. Maurício (10,5) | 8. Togo (9,34) | 9. República Centro-Africana (9,19) | 10. República Democrática do Congo (8,77)"
c0100,paises,Ásia,Quais os países com a maior taxa de suicídio na Ásia?,SH.STA.SUIC.P5,2021,43,0.0682,"1. Coreia do Sul (27,5) | 2. Mongólia (18,5) | 3. Japão (17,4) | 4. Tailândia (16,6) | 5. Sri Lanka (14,7) | 6. Cazaquistão (14,6) | 7. Índia (12,6) | 8. Nepal (10,1) | 9. Coreia do Norte (9,31) | 10. China (8,95)"
c0101,paises,União Europeia,Quais os países com a maior taxa de suicídio na União Europeia?,SH.STA.SUIC.P5,2021,25,0.0462,"1. Lituânia (22,1) | 2. Eslovênia (18,9) | 3. Bélgica (18,4) | 4. França (16,6) | 5. Hungria (16,4) | 6. Croácia (15,7) | 7. Letônia (15,2) | 8. Estônia (14,9) | 9. Finlândia (14,6) | 10. Áustria (14,5)"
c0102,paises,mundo,Em quais países é maior o risco de morrer de doença crônica?,SH.DYN.NCOM.ZS,2021,157,0.0256,"1. Lesoto (36,3%) | 2. Afeganistão (32,7%) | 3. Essuatíni (32,3%) | 4. Filipinas (31,9%) | 5. Haiti (31,6%) | 6. Zimbábue (31,2%) | 7. República Centro-Africana (30,8%) | 8. Papua-Nova Guiné (28,5%) | 9. Somália (27,6%) | 10. Eritreia (27,3%)"
c0103,paises,mundo,Em quais países é menor o risco de morrer de doença crônica?,SH.DYN.NCOM.ZS,2021,157,0.0108,"1. Coreia do Sul (6,9%) | 2. Suíça (7,5%) | 3. Israel (7,6%) | 4. Noruega (7,8%) | 5. Suécia (7,9%) | 6. Japão (8,0%) | 7. Austrália (8,3%) | 8. Chipre (8,5%) | 9. Itália (9,1%) | 10. Bélgica (9,2%)"
c0104,paises,mundo,Quais os países que mais gastam com educação em relação à economia?,SE.XPD.TOTL.GD.ZS,2022,123,0.0191,"1. Namíbia (9,4%) | 2. Cuba (8,4%) | 3. Bolívia (7,6%) | 4. Suécia (7,3%) | 5. Quirguistão (7,2%) | 6. Tunísia (6,8%) | 7. Kuwait (6,6%) | 8. Finlândia (6,4%) | 9. Dinamarca (6,4%) | 10. Bélgica (6,3%)"
c0105,paises,Europa,Quais os países que mais gastam com educação em relação à economia na Europa?,SE.XPD.TOTL.GD.ZS,2022,32,0.0061,"1. Suécia (7,3%) | 2. Finlândia (6,4%) | 3. Dinamarca (6,4%) | 4. Bélgica (6,3%) | 5. Moldávia (6,1%) | 6. Noruega (5,4%) | 7. França (5,3%) | 8. Eslovênia (5,3%) | 9. Áustria (5,3%) | 10. Alemanha (5,2%)"
c0106,paises,África,Quais os países que mais gastam com educação em relação à economia na África?,SE.XPD.TOTL.GD.ZS,2022,38,0.0189,"1. Namíbia (9,4%) | 2. Tunísia (6,8%) | 3. África do Sul (6,2%) | 4. Moçambique (6,0%) | 5. Senegal (6,0%) | 6. Marrocos (5,9%) | 7. Essuatíni (5,6%) | 8. Burkina Faso (5,3%) | 9. Serra Leoa (4,9%) | 10. Maurício (4,8%)"
c0107,paises,Ásia,Quais os países que mais gastam com educação em relação à economia na Ásia?,SE.XPD.TOTL.GD.ZS,2022,29,0.0839,"1. Quirguistão (7,2%) | 2. Kuwait (6,6%) | 3. Israel (5,9%) | 4. Coreia do Sul (5,4%) | 5. Tajiquistão (5,4%) | 6. Uzbequistão (5,2%) | 7. Omã (4,4%) | 8. Cazaquistão (4,4%) | 9. Nepal (4,1%) | 10. Índia (4,1%)"
c0108,paises,mundo,Quais os países com a maior taxa de matrícula no ensino superior?,SE.TER.ENRR,2023,102,0.014,"1. Grécia (165,1%) | 2. Finlândia (108,1%) | 3. Argentina (107,8%) | 4. Chipre (107,3%) | 5. Coreia do Sul (106,7%) | 6. Turquia (105,9%) | 7. Chile (104,7%) | 8. Austrália (104,6%) | 9. Singapura (97,3%) | 10. Noruega (95,1%)"
c0109,paises,mundo,Quais os países com a menor taxa de matrícula no ensino superior?,SE.TER.ENRR,2023,102,0.2225,"1. Tanzânia (5,2%) | 2. Burundi (6,0%) | 3. Madagascar (6,1%) | 4. Quênia (8,7%) | 5. Ruanda (8,9%) | 6. Angola (10,0%) | 7. Burkina Faso (10,1%) | 8. República do Congo (10,4%) | 9. Paquistão (10,5%) | 10. Costa do Marfim (11,6%)"
c0110,paises,Europa,Quais os países com a maior taxa de matrícula no ensino superior na Europa?,SE.TER.ENRR,2023,36,0.0371,"1. Grécia (165,1%) | 2. Finlândia (108,1%) | 3. Chipre (107,3%) | 4. Turquia (105,9%) | 5. Noruega (95,1%) | 6. Espanha (93,7%) | 7. Rússia (93,7%) | 8. Áustria (91,7%) | 9. Países Baixos (86,6%) | 10. Letônia (85,7%)"
c0111,paises,Ásia,Quais os países com a maior taxa de matrícula no ensino superior na Ásia?,SE.TER.ENRR,2023,33,0.0288,"1. Coreia do Sul (106,7%) | 2. Singapura (97,3%) | 3. Geórgia (78,3%) | 4. China (74,6%) | 5. Mongólia (67,9%) | 6. Japão (64,5%) | 7. Emirados Árabes Unidos (61,3%) | 8. Israel (57,1%) | 9. Bahrein (57,1%) | 10. Armênia (56,3%)"
c0112,paises,mundo,Quais os países que mais investem em pesquisa e desenvolvimento?,GB.XPD.RSDV.GD.ZS,2023,77,0.0147,"1. Israel (6,3%) | 2. Coreia do Sul (4,9%) | 3. Suécia (3,6%) | 4. Estados Unidos (3,4%) | 5. Japão (3,4%) | 6. Bélgica (3,3%) | 7. Áustria (3,3%) | 8. Suíça (3,2%) | 9. Alemanha (3,2%) | 10. Finlândia (3,1%)"
c0113,paises,mundo,Quais os países com mais pesquisadores por habitante?,SP.POP.SCIE.RD.P6,2023,69,0.0096,1. Coreia do Sul (9.472) | 2. Suécia (8.911) | 3. Dinamarca (8.838) | 4. Finlândia (8.315) | 5. Noruega (7.451) | 6. Áustria (6.634) | 7. Países Baixos (6.563) | 8. Suíça (6.108) | 9. Bélgica (5.990) | 10. Portugal (5.983)
c0114,paises,Europa,Quais os países que mais registram patentes na Europa?,IP.PAT.RESD,2021,43,0.1208,1. Alemanha (39.822) | 2. Rússia (19.569) | 3. França (13.386) | 4. Reino Unido (11.592) | 5. Itália (10.281) | 6. Turquia (8.234) | 7. Polônia (3.377) | 8. Países Baixos (2.080) | 9. Áustria (1.872) | 10. Suécia (1.771)
c0115,paises,mundo,Quais os países menos conectados à internet?,IT.NET.USER.ZS,2024,147,0.0362,"1. Burundi (8,6%) | 2. Uganda (8,9%) | 3. Chade (12,6%) | 4. República Centro-Africana (13,8%) | 5. Níger (15,6%) | 6. Afeganistão (16,1%) | 7. Zâmbia (17,1%) | 8. Madagascar (18,7%) | 9. Papua-Nova Guiné (18,8%) | 10. Malawi (19,0%)"
c0116,paises,Ásia,Quais os países mais conectados à internet na Ásia?,IT.NET.USER.ZS,2024,36,0.0104,"1. Bahrein (100,0%) | 2. Arábia Saudita (100,0%) | 3. Emirados Árabes Unidos (100,0%) | 4. Kuwait (99,7%) | 5. Catar (98,1%) | 6. Malásia (98,0%) | 7. Coreia do Sul (97,9%) | 8. Jordânia (95,6%) | 9. Omã (95,3%) | 10. Singapura (94,4%)"
c0117,paises,Europa,Quais os países com mais linhas de celular por habitante na Europa?,IT.CEL.SETS.P2,2023,37,0.0052,"1. Rússia (180,8) | 2. Estônia (150,2) | 3. Chipre (148,3) | 4. Suécia (140,3) | 5. Eslováquia (138,2) | 6. Lituânia (137,2) | 7. Polônia (135,1) | 8. Ucrânia (133,4) | 9. Itália (131,9) | 10. Suíça (130,2)"
c0118,paises,África,Quais os países com mais linhas de celular por habitante na África?,IT.CEL.SETS.P2,2023,42,0.0163,"1. Botsuana (179,0) | 2. Costa do Marfim (172,0) | 3. África do Sul (171,5) | 4. Maurício (165,3) | 5. Marrocos (148,2) | 6. Tunísia (132,7) | 7. Essuatíni (128,4) | 8. Guiné-Bissau (128,1) | 9. Senegal (123,9) | 10. Gabão (122,6)"
c0119,paises,Ásia,Quais os países com mais linhas de celular por habitante na Ásia?,IT.CEL.SETS.P2,2023,40,0.0087,"1. Emirados Árabes Unidos (199,4) | 2. Japão (178,4) | 3. Singapura (173,2) | 4. Tailândia (168,6) | 5. Kuwait (167,7) | 6. Irã (166,3) | 7. Coreia do Sul (162,1) | 8. Catar (157,8) | 9. Arábia Saudita (157,8) | 10. Geórgia (155,2)"
c0120,paises,Américas,Quais os países com mais linhas de celular por habitante nas Américas?,IT.CEL.SETS.P2,2023,22,0.0564,"1. El Salvador (179,7) | 2. Colômbia (167,0) | 3. Panamá (156,6) | 4. Uruguai (141,7) | 5. Argentina (137,7) | 6. Chile (135,9) | 7. Trindade e Tobago (134,2) | 8. Costa Rica (133,5) | 9. Paraguai (126,6) | 10. Peru (122,0)"
c0121,paises,União Europeia,Quais os países com mais linhas de celular por habitante na União Europeia?,IT.CEL.SETS.P2,2023,25,0.0059,"1. Estônia (150,2) | 2. Chipre (148,3) | 3. Suécia (140,3) | 4. Eslováquia (138,2) | 5. Lituânia (137,2) | 6. Polônia (135,1) | 7. Itália (131,9) | 8. Eslovênia (129,2) | 9. Espanha (127,7) | 10. Finlândia (127,5)"
c0122,paises,mundo,Quais os países onde menos gente tem energia elétrica em casa?,EG.ELC.ACCS.ZS,2024,157,0.0587,"1. Sudão do Sul (5,4%) | 2. Chade (13,4%) | 3. Malawi (15,6%) | 4. República Centro-Africana (18,2%) | 5. Burundi (20,1%) | 6. Níger (21,3%) | 7. República Democrática do Congo (22,5%) | 8. Burkina Faso (34,0%) | 9. Libéria (34,9%) | 10. Moçambique (36,9%)"
c0123,paises,mundo,Quais os países com a matriz elétrica menos renovável?,EG.ELC.RNEW.ZS,2021,155,0.0963,"1. Turquemenistão (0,0%) | 2. Líbia (0,0%) | 3. Bahrein (0,0%) | 4. Arábia Saudita (0,1%) | 5. Trindade e Tobago (0,1%) | 6. Botsuana (0,2%) | 7. Benin (0,3%) | 8. Kuwait (0,3%) | 9. Catar (0,3%) | 10. Sudão do Sul (0,3%)"
c0124,paises,Europa,Quais os países com a matriz elétrica mais renovável na Europa?,EG.ELC.RNEW.ZS,2021,37,0.1118,"1. Noruega (99,1%) | 2. Áustria (79,9%) | 3. Dinamarca (79,0%) | 4. Croácia (69,9%) | 5. Suíça (67,9%) | 6. Suécia (67,4%) | 7. Lituânia (65,6%) | 8. Portugal (64,9%) | 9. Letônia (63,6%) | 10. Finlândia (52,9%)"
c0125,paises,Ásia,Quais os países com a matriz elétrica mais renovável na Ásia?,EG.ELC.RNEW.ZS,2021,43,0.1639,"1. Tajiquistão (93,4%) | 2. Quirguistão (85,6%) | 3. Nepal (84,0%) | 4. Geórgia (81,4%) | 5. Afeganistão (78,2%) | 6. Laos (63,3%) | 7. Coreia do Norte (63,1%) | 8. Camboja (56,4%) | 9. Mianmar (50,8%) | 10. Sri Lanka (49,2%)"
c0126,paises,Américas,Quais os países com a matriz elétrica mais renovável nas Américas?,EG.ELC.RNEW.ZS,2021,23,0.0357,"1. Costa Rica (99,4%) | 2. El Salvador (95,6%) | 3. Uruguai (84,4%) | 4. Venezuela (81,7%) | 5. Equador (80,9%) | 6. Panamá (79,3%) | 7. Brasil (77,4%) | 8. Colômbia (75,1%) | 9. Nicarágua (69,5%) | 10. Canadá (67,0%)"
c0127,paises,União Europeia,Quais os países com a matriz elétrica mais renovável na União Europeia?,EG.ELC.RNEW.ZS,2021,25,0.0866,"1. Áustria (79,9%) | 2. Dinamarca (79,0%) | 3. Croácia (69,9%) | 4. Suécia (67,4%) | 5. Lituânia (65,6%) | 6. Portugal (64,9%) | 7. Letônia (63,6%) | 8. Finlândia (52,9%) | 9. Espanha (47,0%) | 10. Romênia (44,9%)"
c0128,paises,mundo,Quais os países que mais consomem energia por habitante?,EG.USE.PCAP.KG.OE,2023,140,0.0628,1. Catar (16.343) | 2. Trindade e Tobago (10.590) | 3. Bahrein (10.512) | 4. Emirados Árabes Unidos (9.140) | 5. Kuwait (8.952) | 6. Canadá (7.342) | 7. Arábia Saudita (7.149) | 8. Estados Unidos (6.364) | 9. Omã (5.908) | 10. Finlândia (5.867)
c0129,paises,Europa,Quais os países que mais emitem CO₂ por habitante na Europa?,EN.GHG.CO2.PC.CE.AR5,2024,36,0.0089,"1. Rússia (14,0) | 2. Estônia (7,76) | 3. Polônia (7,55) | 4. Bélgica (7,31) | 5. Noruega (7,18) | 6. Tchéquia (7,13) | 7. Alemanha (6,94) | 8. Países Baixos (6,60) | 9. Bósnia e Herzegovina (6,45) | 10. Áustria (6,32)"
c0130,paises,mundo,Quais os países com menos floresta?,AG.LND.FRST.ZS,2023,157,0.126,"1. Catar (0,0%) | 2. Omã (0,0%) | 3. Egito (0,0%) | 4. Líbia (0,1%) | 5. Djibuti (0,3%) | 6. Mauritânia (0,3%) | 7. Kuwait (0,4%) | 8. Arábia Saudita (0,5%) | 9. Níger (0,8%) | 10. Argélia (0,8%)"
c0131,paises,Europa,Quais os países mais cobertos por floresta na Europa?,AG.LND.FRST.ZS,2023,37,0.0086,"1. Finlândia (73,7%) | 2. Suécia (68,7%) | 3. Eslovênia (61,2%) | 4. Estônia (57,1%) | 5. Letônia (55,0%) | 6. Rússia (49,8%) | 7. Áustria (47,2%) | 8. Belarus (43,4%) | 9. Bósnia e Herzegovina (42,7%) | 10. Eslováquia (40,1%)"
c0132,paises,África,Quais os países mais cobertos por floresta na África?,AG.LND.FRST.ZS,2023,50,0.0235,"1. Gabão (91,2%) | 2. Guiné Equatorial (86,4%) | 3. Libéria (78,1%) | 4. Guiné-Bissau (69,5%) | 5. República do Congo (64,1%) | 6. Zâmbia (59,5%) | 7. República Democrática do Congo (54,2%) | 8. Angola (52,1%) | 9. Tanzânia (50,1%) | 10. Moçambique (45,8%)"
c0133,paises,Ásia,Quais os países mais cobertos por floresta na Ásia?,AG.LND.FRST.ZS,2023,43,0.0191,"1. Laos (71,5%) | 2. Japão (68,4%) | 3. Coreia do Sul (64,1%) | 4. Timor-Leste (61,7%) | 5. Malásia (57,7%) | 6. Coreia do Norte (49,6%) | 7. Indonésia (47,7%) | 8. Vietnã (47,4%) | 9. Camboja (43,1%) | 10. Mianmar (42,4%)"
c0134,paises,Américas,Quais os países mais cobertos por floresta nas Américas?,AG.LND.FRST.ZS,2023,24,0.0293,"1. Costa Rica (60,4%) | 2. Brasil (59,0%) | 3. Panamá (56,3%) | 4. Honduras (56,3%) | 5. Jamaica (56,2%) | 6. Peru (56,1%) | 7. Colômbia (52,8%) | 8. Venezuela (52,2%) | 9. Equador (49,5%) | 10. Bolívia (46,3%)"
c0135,paises,União Europeia,Quais os países mais cobertos por floresta na União Europeia?,AG.LND.FRST.ZS,2023,25,0.0256,"1. Finlândia (73,7%) | 2. Suécia (68,7%) | 3. Eslovênia (61,2%) | 4. Estônia (57,1%) | 5. Letônia (55,0%) | 6. Áustria (47,2%) | 7. Eslováquia (40,1%) | 8. Espanha (37,2%) | 9. Bulgária (36,2%) | 10. Portugal (36,2%)"
c0136,paises,mundo,Quais os países com a maior proporção de terra agricultável?,AG.LND.ARBL.ZS,2023,157,0.0242,"1. Bangladesh (60,6%) | 2. Dinamarca (59,1%) | 3. Ucrânia (56,8%) | 4. Moldávia (56,8%) | 5. Índia (51,8%) | 6. Burundi (51,4%) | 7. Togo (48,7%) | 8. Ruanda (47,0%) | 9. Hungria (45,4%) | 10. Gâmbia (43,5%)"
c0137,paises,mundo,Quais os países que mais protegem seu território e mar?,ER.PTD.TOTL.ZS,2025,157,0.03,"1. Reino Unido (42,1%) | 2. Zâmbia (41,3%) | 3. Eslovênia (40,1%) | 4. Alemanha (40,0%) | 5. Venezuela (39,0%) | 6. Armênia (38,9%) | 7. Polônia (38,1%) | 8. Chile (37,9%) | 9. Eslováquia (37,5%) | 10. França (36,7%)"
c0138,paises,mundo,Quais os países que menos protegem seu território e mar?,ER.PTD.TOTL.ZS,2025,157,0.0769,"1. Eritreia (0,0%) | 2. Maurício (0,0%) | 3. Somália (0,0%) | 4. Líbia (0,2%) | 5. Papua-Nova Guiné (0,7%) | 6. Síria (0,7%) | 7. Iêmen (0,7%) | 8. Mauritânia (1,0%) | 9. Djibuti (1,2%) | 10. Libéria (1,2%)"
c0139,paises,África,Quais os países que mais produzem cereais na África?,AG.PRD.CREL.MT,2023,52,0.0182,"1. Etiópia (31,5 mi) | 2. Nigéria (28,0 mi) | 3. Egito (23,4 mi) | 4. África do Sul (19,0 mi) | 5. Tanzânia (12,8 mi) | 6. Mali (10,0 mi) | 7. Gana (5,8 mi) | 8. Uganda (5,7 mi) | 9. Marrocos (5,6 mi) | 10. Madagascar (5,4 mi)"
c0140,paises,Américas,Quais os países que mais produzem cereais nas Américas?,AG.PRD.CREL.MT,2023,33,0.1075,"1. Estados Unidos (462,6 mi) | 2. Brasil (155,9 mi) | 3. Argentina (65,4 mi) | 4. Canadá (59,2 mi) | 5. México (37,0 mi) | 6. Paraguai (6,9 mi) | 7. Peru (5,5 mi) | 8. Colômbia (4,8 mi) | 9. Uruguai (3,9 mi) | 10. Bolívia (3,1 mi)"
c0141,paises,mundo,Quais os países que mais consomem água doce?,ER.H2O.FWTL.K3,2022,178,0.0276,"1. Índia (647,5) | 2. China (568,5) | 3. Estados Unidos (444,3) | 4. Indonésia (222,6) | 5. Paquistão (179,3) | 6. Irã (93,0) | 7. Filipinas (91,0) | 8. México (89,8) | 9. Vietnã (81,9) | 10. Japão (79,7)"
c0142,paises,mundo,Quais os países onde mais gente trabalha na agricultura?,SL.AGR.EMPL.ZS,2025,152,0.0241,"1. Burundi (85,3%) | 2. Moçambique (73,0%) | 3. Níger (73,0%) | 4. Chade (71,7%) | 5. Madagascar (69,2%) | 6. Laos (68,6%) | 7. República Centro-Africana (66,1%) | 8. Malawi (65,0%) | 9. Uganda (64,9%) | 10. Tanzânia (64,6%)"
c0143,paises,mundo,Quais os países onde menos gente trabalha na agricultura?,SL.AGR.EMPL.ZS,2025,152,0.0589,"1. Singapura (0,1%) | 2. Israel (0,8%) | 3. Bahrein (0,8%) | 4. Reino Unido (0,9%) | 5. Bélgica (1,0%) | 6. Alemanha (1,1%) | 7. Canadá (1,1%) | 8. Djibuti (1,2%) | 9. Emirados Árabes Unidos (1,4%) | 10. Estados Unidos (1,5%)"
c0144,paises,Europa,Quais os países onde mais gente trabalha na agricultura na Europa?,SL.AGR.EMPL.ZS,2025,36,0.0662,"1. Moldávia (50,5%) | 2. Albânia (30,8%) | 3. Sérvia (18,0%) | 4. Bósnia e Herzegovina (16,7%) | 5. Turquia (14,2%) | 6. Romênia (10,9%) | 7. Grécia (10,7%) | 8. Belarus (9,5%) | 9. Macedônia do Norte (8,5%) | 10. Letônia (6,7%)"
c0145,paises,África,Quais os países onde mais gente trabalha na agricultura na África?,SL.AGR.EMPL.ZS,2025,48,0.0308,"1. Burundi (85,3%) | 2. Moçambique (73,0%) | 3. Níger (73,0%) | 4. Chade (71,7%) | 5. Madagascar (69,2%) | 6. República Centro-Africana (66,1%) | 7. Malawi (65,0%) | 8. Uganda (64,9%) | 9. Tanzânia (64,6%) | 10. Mali (63,0%)"
c0146,paises,União Europeia,Quais os países onde mais gente trabalha na agricultura na União Europeia?,SL.AGR.EMPL.ZS,2025,25,0.0448,"1. Romênia (10,9%) | 2. Grécia (10,7%) | 3. Letônia (6,7%) | 4. Polônia (6,2%) | 5. Bulgária (4,7%) | 6. Lituânia (4,7%) | 7. Croácia (4,3%) | 8. Hungria (4,1%) | 9. Irlanda (3,9%) | 10. Eslovênia (3,7%)"
c0147,paises,mundo,Quais os países mais industrializados (indústria no PIB)?,NV.IND.MANF.ZS,2024,138,0.027,"1. Irlanda (29,6%) | 2. Essuatíni (29,1%) | 3. Camboja (27,8%) | 4. Coreia do Sul (26,6%) | 5. Guiné Equatorial (25,8%) | 6. Mianmar (25,1%) | 7. China (24,8%) | 8. Vietnã (24,3%) | 9. Tailândia (24,2%) | 10. Malásia (22,5%)"
c0148,paises,mundo,Quais os países mais dependentes do petróleo?,NY.GDP.PETR.RT.ZS,2021,149,0.0074,"1. Líbia (56,4%) | 2. Iraque (42,8%) | 3. República do Congo (34,4%) | 4. Angola (28,3%) | 5. Arábia Saudita (23,7%) | 6. Omã (23,5%) | 7. Azerbaijão (21,0%) | 8. Irã (18,3%) | 9. Chade (16,8%) | 10. Emirados Árabes Unidos (15,7%)"
c0149,paises,mundo,Quais os países mais dependentes da mineração?,NY.GDP.MINR.RT.ZS,2021,149,0.0842,"1. República Democrática do Congo (28,8%) | 2. Zâmbia (28,2%) | 3. Mongólia (26,6%) | 4. Chile (16,2%) | 5. Mali (16,2%) | 6. Burkina Faso (15,5%) | 7. Papua-Nova Guiné (14,4%) | 8. Peru (12,1%) | 9. Quirguistão (11,2%) | 10. Austrália (10,5%)"
c0150,paises,mundo,Quais os países que mais recebem turistas?,ST.INT.ARVL,2019,163,0.2104,"1. França (217,9 mi) | 2. Estados Unidos (165,5 mi) | 3. China (162,5 mi) | 4. Espanha (126,2 mi) | 5. México (97,4 mi) | 6. Itália (95,4 mi) | 7. Polônia (88,5 mi) | 8. Hungria (61,4 mi) | 9. Croácia (60,0 mi) | 10. Turquia (51,7 mi)"
c0151,paises,Europa,Quais os países que mais recebem turistas na Europa?,ST.INT.ARVL,2019,44,0.0859,"1. França (217,9 mi) | 2. Espanha (126,2 mi) | 3. Itália (95,4 mi) | 4. Polônia (88,5 mi) | 5. Hungria (61,4 mi) | 6. Croácia (60,0 mi) | 7. Turquia (51,7 mi) | 8. Reino Unido (40,9 mi) | 9. Alemanha (39,6 mi) | 10. Tchéquia (37,2 mi)"
c0152,paises,África,Quais os países que mais recebem turistas na África?,ST.INT.ARVL,2019,34,0.0103,"1. África do Sul (14,8 mi) | 2. Marrocos (13,1 mi) | 3. Egito (13,0 mi) | 4. Tunísia (9,4 mi) | 5. Argélia (2,4 mi) | 6. Zimbábue (2,3 mi) | 7. Costa do Marfim (2,1 mi) | 8. Quênia (2,0 mi) | 9. Moçambique (2,0 mi) | 10. Namíbia (1,7 mi)"
c0153,paises,União Europeia,Quais os países que mais recebem turistas na União Europeia?,ST.INT.ARVL,2019,26,0.0365,"1. França (217,9 mi) | 2. Espanha (126,2 mi) | 3. Itália (95,4 mi) | 4. Polônia (88,5 mi) | 5. Hungria (61,4 mi) | 6. Croácia (60,0 mi) | 7. Alemanha (39,6 mi) | 8. Tchéquia (37,2 mi) | 9. Grécia (34,0 mi) | 10. Dinamarca (33,1 mi)"
c0154,paises,mundo,Quais os países que mais faturam com turismo?,ST.INT.RCPT.CD,2019,132,0.1812,"1. Estados Unidos (US$ 239,4 bi) | 2. França (US$ 70,8 bi) | 3. Tailândia (US$ 64,4 bi) | 4. Alemanha (US$ 58,4 bi) | 5. Itália (US$ 51,9 bi) | 6. Japão (US$ 49,2 bi) | 7. Austrália (US$ 48,0 bi) | 8. Turquia (US$ 41,4 bi) | 9. Emirados Árabes Unidos (US$ 38,4 bi) | 10. Índia (US$ 31,7 bi)"
c0155,paises,Europa,Quais os países que mais faturam com turismo na Europa?,ST.INT.RCPT.CD,2019,34,0.0884,"1. França (US$ 70,8 bi) | 2. Alemanha (US$ 58,4 bi) | 3. Itália (US$ 51,9 bi) | 4. Turquia (US$ 41,4 bi) | 5. Áustria (US$ 25,9 bi) | 6. Portugal (US$ 24,6 bi) | 7. Países Baixos (US$ 23,7 bi) | 8. Grécia (US$ 23,0 bi) | 9. Suíça (US$ 21,3 bi) | 10. Rússia (US$ 17,2 bi)"
c0156,paises,África,Quais os países que mais faturam com turismo na África?,ST.INT.RCPT.CD,2019,34,0.0483,"1. Egito (US$ 14,3 bi) | 2. Marrocos (US$ 9,9 bi) | 3. África do Sul (US$ 9,1 bi) | 4. Etiópia (US$ 3,5 bi) | 5. Tunísia (US$ 2,7 bi) | 6. Tanzânia (US$ 2,6 bi) | 7. Maurício (US$ 2,0 bi) | 8. Quênia (US$ 1,8 bi) | 9. Gana (US$ 1,5 bi) | 10. Nigéria (US$ 1,5 bi)"
c0157,paises,mundo,Quais os países cujos cidadãos mais gastam viajando para fora?,ST.INT.XPND.CD,2020,133,0.1256,"1. Estados Unidos (US$ 48,8 bi) | 2. França (US$ 31,2 bi) | 3. Coreia do Sul (US$ 16,7 bi) | 4. Índia (US$ 15,8 bi) | 5. Emirados Árabes Unidos (US$ 15,1 bi) | 6. Bélgica (US$ 13,9 bi) | 7. Itália (US$ 13,0 bi) | 8. Catar (US$ 11,5 bi) | 9. Rússia (US$ 10,8 bi) | 10. Suíça (US$ 10,4 bi)"
c0158,paises,mundo,Quais os países que mais transportam passageiros de avião?,IS.AIR.PSGR,2023,147,0.0136,"1. Estados Unidos (941,6 mi) | 2. China (619,2 mi) | 3. Irlanda (192,5 mi) | 4. Índia (180,4 mi) | 5. Turquia (125,9 mi) | 6. Japão (120,3 mi) | 7. Reino Unido (118,9 mi) | 8. Rússia (98,9 mi) | 9. Indonésia (97,0 mi) | 10. Brasil (95,4 mi)"
c0159,paises,Europa,Quais os países que mais transportam passageiros de avião na Europa?,IS.AIR.PSGR,2023,32,0.3309,"1. Irlanda (192,5 mi) | 2. Turquia (125,9 mi) | 3. Reino Unido (118,9 mi) | 4. Rússia (98,9 mi) | 5. Espanha (94,1 mi) | 6. Alemanha (80,2 mi) | 7. França (64,6 mi) | 8. Hungria (55,6 mi) | 9. Áustria (46,0 mi) | 10. Países Baixos (41,4 mi)"
c0160,paises,União Europeia,Quais os países que mais transportam passageiros de avião na União Europeia?,IS.AIR.PSGR,2023,22,0.042,"1. Irlanda (192,5 mi) | 2. Espanha (94,1 mi) | 3. Alemanha (80,2 mi) | 4. França (64,6 mi) | 5. Hungria (55,6 mi) | 6. Áustria (46,0 mi) | 7. Países Baixos (41,4 mi) | 8. Itália (20,3 mi) | 9. Suécia (19,6 mi) | 10. Grécia (19,1 mi)"
c0161,paises,mundo,Quais os países com o maior movimento de contêineres nos portos?,IS.SHP.GOOD.TU,2019,148,0.0065,"1. China (237,6 mi) | 2. Estados Unidos (54,2 mi) | 3. Singapura (37,2 mi) | 4. Coreia do Sul (29,0 mi) | 5. Malásia (26,2 mi) | 6. Japão (23,3 mi) | 7. Emirados Árabes Unidos (18,8 mi) | 8. Índia (17,5 mi) | 9. Espanha (17,5 mi) | 10. Vietnã (15,3 mi)"
c0162,paises,mundo,Quais os países com a maior taxa de homicídio?,VC.IHR.PSRC.P5,2020,101,0.3597,"1. Jamaica (47,1) | 2. Honduras (35,7) | 3. África do Sul (33,0) | 4. Venezuela (29,5) | 5. México (29,0) | 6. Trindade e Tobago (26,9) | 7. Colômbia (22,6) | 8. Brasil (21,8) | 9. El Salvador (21,5) | 10. Guatemala (18,2)"
c0163,paises,mundo,Quais os países com a menor taxa de homicídio?,VC.IHR.PSRC.P5,2020,101,0.0561,"1. Singapura (0,18) | 2. Kuwait (0,25) | 3. Japão (0,25) | 4. Omã (0,31) | 5. Palestina (0,36) | 6. Catar (0,43) | 7. Itália (0,48) | 8. China (0,50) | 9. Eslovênia (0,52) | 10. Suíça (0,54)"
c0164,paises,Europa,Quais os países com a maior taxa de homicídio na Europa?,VC.IHR.PSRC.P5,2020,36,0.174,"1. Rússia (7,31) | 2. Ucrânia (3,80) | 3. Letônia (3,68) | 4. Lituânia (3,61) | 5. Estônia (3,16) | 6. Moldávia (3,03) | 7. Turquia (2,49) | 8. Albânia (2,12) | 9. Kosovo (2,11) | 10. Finlândia (1,75)"
c0165,paises,Ásia,Quais os países com a maior taxa de homicídio na Ásia?,VC.IHR.PSRC.P5,2020,25,0.1797,"1. Afeganistão (6,58) | 2. Mongólia (6,23) | 3. Paquistão (3,55) | 4. Cazaquistão (3,11) | 5. Mianmar (2,96) | 6. Índia (2,94) | 7. Armênia (2,59) | 8. Líbano (2,24) | 9. Azerbaijão (2,15) | 10. Nepal (2,13)"
c0166,paises,Américas,Quais os países com a maior taxa de homicídio nas Américas?,VC.IHR.PSRC.P5,2020,22,0.0225,"1. Jamaica (47,1) | 2. Honduras (35,7) | 3. Venezuela (29,5) | 4. México (29,0) | 5. Trindade e Tobago (26,9) | 6. Colômbia (22,6) | 7. Brasil (21,8) | 8. El Salvador (21,5) | 9. Guatemala (18,2) | 10. Panamá (11,6)"
c0167,paises,União Europeia,Quais os países com a maior taxa de homicídio na União Europeia?,VC.IHR.PSRC.P5,2020,24,0.0163,"1. Letônia (3,68) | 2. Lituânia (3,61) | 3. Estônia (3,16) | 4. Finlândia (1,75) | 5. Romênia (1,45) | 6. Suécia (1,20) | 7. Eslováquia (1,15) | 8. Chipre (1,15) | 9. França (1,05) | 10. Croácia (1,01)"
c0168,paises,África,Quais os países que mais gastam com as forças armadas na África?,MS.MIL.XPND.CD,2024,47,0.0922,"1. Argélia (US$ 21,8 bi) | 2. Marrocos (US$ 5,5 bi) | 3. África do Sul (US$ 2,8 bi) | 4. Egito (US$ 2,4 bi) | 5. Sudão do Sul (US$ 2,0 bi) | 6. Tunísia (US$ 1,3 bi) | 7. Quênia (US$ 1,2 bi) | 8. Nigéria (US$ 1,1 bi) | 9. Uganda (US$ 1,1 bi) | 10. Burkina Faso (US$ 1,0 bi)"
c0169,paises,Ásia,Quais os países que mais gastam com as forças armadas na Ásia?,MS.MIL.XPND.CD,2024,33,0.0125,"1. China (US$ 313,7 bi) | 2. Índia (US$ 86,1 bi) | 3. Arábia Saudita (US$ 80,3 bi) | 4. Japão (US$ 55,3 bi) | 5. Coreia do Sul (US$ 47,6 bi) | 6. Israel (US$ 46,5 bi) | 7. Singapura (US$ 15,1 bi) | 8. Indonésia (US$ 11,0 bi) | 9. Paquistão (US$ 10,2 bi) | 10. Irã (US$ 7,9 bi)"
c0170,paises,mundo,Quais os países mais militarizados em relação ao tamanho da economia?,MS.MIL.XPND.GD.ZS,2024,138,0.0084,"1. Ucrânia (34,5%) | 2. Israel (8,8%) | 3. Argélia (8,0%) | 4. Arábia Saudita (7,3%) | 5. Rússia (7,1%) | 6. Mianmar (6,8%) | 7. Omã (5,6%) | 8. Armênia (5,5%) | 9. Azerbaijão (5,0%) | 10. Kuwait (4,8%)"
c0171,paises,mundo,Quais os países com as maiores forças armadas?,MS.MIL.TOTL.P1,2020,170,0.1246,"1. Índia (3,1 mi) | 2. China (2,5 mi) | 3. Coreia do Norte (1,5 mi) | 4. Rússia (1,5 mi) | 5. Estados Unidos (1,4 mi) | 6. Paquistão (943.000) | 7. Egito (836.000) | 8. Brasil (762.000) | 9. Indonésia (676.000) | 10. Irã (650.000)"
c0172,paises,África,Quais os países com as maiores forças armadas na África?,MS.MIL.TOTL.P1,2020,51,0.4045,1. Egito (836.000) | 2. Argélia (326.000) | 3. Marrocos (246.000) | 4. Nigéria (223.000) | 5. Eritreia (202.000) | 6. Sudão (144.000) | 7. Etiópia (138.000) | 8. República Democrática do Congo (134.000) | 9. Angola (117.000) | 10. África do Sul (89.000)
c0173,paises,Ásia,Quais os países com as maiores forças armadas na Ásia?,MS.MIL.TOTL.P1,2020,44,0.0087,"1. Índia (3,1 mi) | 2. China (2,5 mi) | 3. Coreia do Norte (1,5 mi) | 4. Paquistão (943.000) | 5. Indonésia (676.000) | 6. Irã (650.000) | 7. Coreia do Sul (569.000) | 8. Vietnã (522.000) | 9. Mianmar (463.000) | 10. Iraque (459.000)"
c0174,paises,mundo,Quais os países com mais mulheres no parlamento?,SG.GEN.PARL.ZS,2025,147,0.0103,"1. Ruanda (63,8%) | 2. Cuba (55,7%) | 3. Nicarágua (54,9%) | 4. Bolívia (50,8%) | 5. México (50,2%) | 6. Emirados Árabes Unidos (50,0%) | 7. Costa Rica (49,1%) | 8. Austrália (46,0%) | 9. Nova Zelândia (45,5%) | 10. Finlândia (45,5%)"
c0175,paises,mundo,Quais os países com menos mulheres no parlamento?,SG.GEN.PARL.ZS,2025,147,0.0374,"1. Omã (0,0%) | 2. Iêmen (0,0%) | 3. Papua-Nova Guiné (2,7%) | 4. Nigéria (4,2%) | 5. Irã (4,9%) | 6. Síria (4,9%) | 7. Catar (6,1%) | 8. Líbano (6,2%) | 9. Argélia (7,9%) | 10. Gâmbia (8,6%)"
c0176,paises,Ásia,Quais os países com mais mulheres no parlamento na Ásia?,SG.GEN.PARL.ZS,2025,37,0.0353,"1. Emirados Árabes Unidos (50,0%) | 2. Armênia (38,3%) | 3. Uzbequistão (38,0%) | 4. Timor-Leste (35,4%) | 5. Quirguistão (33,3%) | 6. Singapura (32,3%) | 7. Vietnã (31,4%) | 8. Tajiquistão (28,6%) | 9. Filipinas (28,3%) | 10. China (26,5%)"
c0177,paises,Américas,Quais os países com mais mulheres no parlamento nas Américas?,SG.GEN.PARL.ZS,2025,23,0.0423,"1. Cuba (55,7%) | 2. Nicarágua (54,9%) | 3. Bolívia (50,8%) | 4. México (50,2%) | 5. Costa Rica (49,1%) | 6. Equador (45,0%) | 7. Peru (41,5%) | 8. Argentina (41,2%) | 9. República Dominicana (37,4%) | 10. Chile (33,5%)"
c0178,paises,União Europeia,Quais os países com mais mulheres no parlamento na União Europeia?,SG.GEN.PARL.ZS,2025,25,0.0568,"1. Finlândia (45,5%) | 2. Suécia (45,0%) | 3. Espanha (44,3%) | 4. Dinamarca (43,6%) | 5. Países Baixos (43,3%) | 6. Bélgica (41,3%) | 7. França (36,2%) | 8. Portugal (35,7%) | 9. Eslovênia (35,6%) | 10. Áustria (35,5%)"
c0179,paises,mundo,De quais países mais sai dinheiro enviado por imigrantes?,BM.TRF.PWKR.CD.DT,2024,159,0.01,"1. Estados Unidos (US$ 103,2 bi) | 2. Emirados Árabes Unidos (US$ 58,5 bi) | 3. Arábia Saudita (US$ 46,6 bi) | 4. Suíça (US$ 40,1 bi) | 5. Alemanha (US$ 24,7 bi) | 6. França (US$ 19,7 bi) | 7. Luxemburgo (US$ 18,7 bi) | 8. Países Baixos (US$ 18,1 bi) | 9. Austrália (US$ 16,1 bi) | 10. Canadá (US$ 15,2 bi)"
c0180,paises,Europa,De quais países mais sai dinheiro enviado por imigrantes na Europa?,BM.TRF.PWKR.CD.DT,2024,43,0.0551,"1. Suíça (US$ 40,1 bi) | 2. Alemanha (US$ 24,7 bi) | 3. França (US$ 19,7 bi) | 4. Luxemburgo (US$ 18,7 bi) | 5. Países Baixos (US$ 18,1 bi) | 6. Itália (US$ 12,6 bi) | 7. Reino Unido (US$ 12,3 bi) | 8. Bélgica (US$ 10,1 bi) | 9. Áustria (US$ 9,7 bi) | 10. Rússia (US$ 8,3 bi)"
c0181,paises,África,De quais países mais sai dinheiro enviado por imigrantes na África?,BM.TRF.PWKR.CD.DT,2024,40,0.1545,"1. Costa do Marfim (US$ 2,0 bi) | 2. República Democrática do Congo (US$ 1,3 bi) | 3. Maurício (US$ 1,1 bi) | 4. África do Sul (US$ 993,2 mi) | 5. Gana (US$ 751,0 mi) | 6. Tanzânia (US$ 681,9 mi) | 7. Níger (US$ 466,2 mi) | 8. Angola (US$ 419,5 mi) | 9. Egito (US$ 340,6 mi) | 10. Mali (US$ 266,1 mi)"
c0182,paises,Ásia,De quais países mais sai dinheiro enviado por imigrantes na Ásia?,BM.TRF.PWKR.CD.DT,2024,35,0.1252,"1. Emirados Árabes Unidos (US$ 58,5 bi) | 2. Arábia Saudita (US$ 46,6 bi) | 3. China (US$ 15,1 bi) | 4. Coreia do Sul (US$ 14,3 bi) | 5. Kuwait (US$ 14,2 bi) | 6. Índia (US$ 12,1 bi) | 7. Catar (US$ 11,5 bi) | 8. Indonésia (US$ 11,1 bi) | 9. Malásia (US$ 10,8 bi) | 10. Omã (US$ 9,2 bi)"
c0183,paises,Américas,De quais países mais sai dinheiro enviado por imigrantes nas Américas?,BM.TRF.PWKR.CD.DT,2024,31,0.0446,"1. Estados Unidos (US$ 103,2 bi) | 2. Canadá (US$ 15,2 bi) | 3. Brasil (US$ 2,1 bi) | 4. México (US$ 1,3 bi) | 5. República Dominicana (US$ 1,2 bi) | 6. Haiti (US$ 770,0 mi) | 7. Chile (US$ 692,1 mi) | 8. Equador (US$ 633,4 mi) | 9. Costa Rica (US$ 629,4 mi) | 10. Panamá (US$ 596,2 mi)"
c0184,paises,União Europeia,De quais países mais sai dinheiro enviado por imigrantes na União Europeia?,BM.TRF.PWKR.CD.DT,2024,27,0.1637,"1. Alemanha (US$ 24,7 bi) | 2. França (US$ 19,7 bi) | 3. Luxemburgo (US$ 18,7 bi) | 4. Países Baixos (US$ 18,1 bi) | 5. Itália (US$ 12,6 bi) | 6. Bélgica (US$ 10,1 bi) | 7. Áustria (US$ 9,7 bi) | 8. Polônia (US$ 7,8 bi) | 9. Tchéquia (US$ 5,1 bi) | 10. Dinamarca (US$ 4,8 bi)"
c0185,paises,mundo,Quais os países com os juros mais altos?,FR.INR.LEND,2019,87,0.0155,"1. Argentina (67,3%) | 2. Madagascar (49,0%) | 3. Brasil (37,5%) | 4. Gâmbia (28,0%) | 5. República Democrática do Congo (26,7%) | 6. Malawi (25,7%) | 7. Uzbequistão (23,6%) | 8. Tajiquistão (23,5%) | 9. Ucrânia (19,8%) | 10. Angola (19,3%)"
c0186,paises,mundo,Quais os países com os juros mais baixos?,FR.INR.LEND,2019,87,0.0438,"1. Hungria (1,8%) | 2. Itália (2,6%) | 3. Suíça (2,6%) | 4. Noruega (3,2%) | 5. Bósnia e Herzegovina (3,3%) | 6. Coreia do Sul (3,4%) | 7. Israel (3,5%) | 8. Tchéquia (3,7%) | 9. Tailândia (4,1%) | 10. China (4,3%)"
c0187,paises,mundo,Em quais países a bolsa vale mais em relação à economia?,CM.MKT.LCAP.GD.ZS,2025,62,0.164,"1. África do Sul (327,2%) | 2. Índia (266,9%) | 3. Suíça (240,9%) | 4. Estados Unidos (224,0%) | 5. Canadá (199,2%) | 6. Arábia Saudita (184,7%) | 7. Japão (171,6%) | 8. Coreia do Sul (147,2%) | 9. Singapura (136,5%) | 10. Chile (136,2%)"
c0188,paises,mundo,Quais os países onde o governo mais gasta em relação à economia?,GC.XPN.TOTL.GD.ZS,2021,112,0.0092,"1. Grécia (54,8%) | 2. Áustria (50,0%) | 3. França (50,0%) | 4. Itália (49,7%) | 5. Eslovênia (46,6%) | 6. Reino Unido (42,9%) | 7. Portugal (42,5%) | 8. Eslováquia (42,4%) | 9. Hungria (42,3%) | 10. Países Baixos (41,8%)"
c0189,paises,mundo,Em quais países os 10% mais ricos ficam com a maior fatia da renda?,SI.DST.10TH.10,2021,77,0.0215,"1. Colômbia (43,7%) | 2. Brasil (41,5%) | 3. Panamá (39,3%) | 4. Costa Rica (37,2%) | 5. Equador (34,7%) | 6. Turquia (34,7%) | 7. República Centro-Africana (33,1%) | 8. Paraguai (33,1%) | 9. Kosovo (32,9%) | 10. Filipinas (32,5%)"
c0190,paises,África,Quais os países com mais mortes no trânsito na África?,SH.STA.TRAF.P5,2019,50,0.012,"1. Zimbábue (41,2) | 2. Libéria (38,9) | 3. Eritreia (37,9) | 4. República Centro-Africana (37,7) | 5. Sudão do Sul (36,7) | 6. Burundi (35,5) | 7. República Democrática do Congo (34,9) | 8. Namíbia (34,8) | 9. Essuatíni (33,5) | 10. Malawi (33,4)"
c0191,paises,Ásia,Quais os países com mais mortes no trânsito na Ásia?,SH.STA.TRAF.P5,2019,42,0.0196,"1. Arábia Saudita (35,9) | 2. Tailândia (32,2) | 3. Vietnã (30,6) | 4. Iêmen (29,4) | 5. Iraque (27,3) | 6. Coreia do Norte (24,2) | 7. Malásia (22,5) | 8. Irã (21,5) | 9. Mongólia (21,0) | 10. Mianmar (20,4)"
c0192,paises,mundo,Em quais países a maior fatia da população passa fome?,SN.ITK.DEFC.ZS,2023,142,0.0369,"1. Haiti (54,2%) | 2. Somália (53,2%) | 3. Madagascar (39,5%) | 4. Síria (39,0%) | 5. República Democrática do Congo (38,5%) | 6. Zâmbia (37,2%) | 7. Quênia (36,8%) | 8. Libéria (35,5%) | 9. Chade (32,0%) | 10. República Centro-Africana (29,8%)"
c0193,paises,África,Em quais países a maior fatia da população passa fome na África?,SN.ITK.DEFC.ZS,2023,45,0.0356,"1. Somália (53,2%) | 2. Madagascar (39,5%) | 3. República Democrática do Congo (38,5%) | 4. Zâmbia (37,2%) | 5. Quênia (36,8%) | 6. Libéria (35,5%) | 7. Chade (32,0%) | 8. República Centro-Africana (29,8%) | 9. República do Congo (26,4%) | 10. Gabão (25,3%)"
c0194,paises,Ásia,Em quais países a maior fatia da população passa fome na Ásia?,SN.ITK.DEFC.ZS,2023,35,0.119,"1. Síria (39,0%) | 2. Afeganistão (28,1%) | 3. Timor-Leste (18,7%) | 4. Paquistão (16,5%) | 5. Iraque (14,9%) | 6. Jordânia (14,3%) | 7. Índia (12,0%) | 8. Bangladesh (10,4%) | 9. Líbano (8,7%) | 10. Tajiquistão (8,4%)"
c0195,paises,Américas,Em quais países a maior fatia da população passa fome nas Américas?,SN.ITK.DEFC.ZS,2023,22,0.0339,"1. Haiti (54,2%) | 2. Bolívia (21,8%) | 3. Honduras (14,8%) | 4. Equador (12,1%) | 5. Guatemala (11,8%) | 6. Trindade e Tobago (11,2%) | 7. Jamaica (7,7%) | 8. Peru (6,9%) | 9. El Salvador (6,7%) | 10. Venezuela (5,9%)"
c0196,paises,mundo,Quais os países onde menos gente tem acesso a água potável?,SH.H2O.BASW.ZS,2024,151,0.0067,"1. República Democrática do Congo (35,7%) | 2. República Centro-Africana (36,5%) | 3. Sudão do Sul (39,7%) | 4. Burkina Faso (50,0%) | 5. Chade (52,2%) | 6. Papua-Nova Guiné (53,3%) | 7. Níger (53,4%) | 8. Madagascar (55,3%) | 9. Etiópia (55,6%) | 10. Ruanda (61,4%)"
c0197,paises,mundo,Quais os países com mais gravidez na adolescência?,SP.ADO.TFRT,2024,158,0.011,"1. República Centro-Africana (161,3) | 2. Guiné Equatorial (152,9) | 3. Moçambique (151,9) | 4. Níger (141,6) | 5. Angola (139,4) | 6. Mali (135,9) | 7. Chade (132,1) | 8. Madagascar (128,7) | 9. Libéria (124,7) | 10. Guiné (116,8)"
c0198,paises,mundo,Quais os países com menos gravidez na adolescência?,SP.ADO.TFRT,2024,158,0.2141,"1. Coreia do Norte (0,51) | 2. Coreia do Sul (0,53) | 3. Dinamarca (1,06) | 4. Noruega (1,28) | 5. Kuwait (1,43) | 6. Suíça (1,48) | 7. Japão (1,63) | 8. Suécia (1,70) | 9. Países Baixos (1,75) | 10. Singapura (2,21)"
c0199,paises,Europa,Quais os países com mais gravidez na adolescência na Europa?,SP.ADO.TFRT,2024,38,0.0217,"1. Bulgária (38,0) | 2. Romênia (32,8) | 3. Eslováquia (24,5) | 4. Moldávia (22,7) | 5. Hungria (17,4) | 6. Sérvia (13,1) | 7. Macedônia do Norte (12,4) | 8. Albânia (12,4) | 9. Rússia (12,2) | 10. Turquia (11,2)"
c0200,paises,África,Quais os países com mais gravidez na adolescência na África?,SP.ADO.TFRT,2024,50,0.011,"1. República Centro-Africana (161,3) | 2. Guiné Equatorial (152,9) | 3. Moçambique (151,9) | 4. Níger (141,6) | 5. Angola (139,4) | 6. Mali (135,9) | 7. Chade (132,1) | 8. Madagascar (128,7) | 9. Libéria (124,7) | 10. Guiné (116,8)"
c0201,paises,Ásia,Quais os países com mais gravidez na adolescência na Ásia?,SP.ADO.TFRT,2024,43,0.0852,"1. Laos (81,9) | 2. Iêmen (73,9) | 3. Bangladesh (70,8) | 4. Nepal (66,5) | 5. Afeganistão (61,5) | 6. Iraque (57,3) | 7. Camboja (47,3) | 8. Paquistão (39,9) | 9. Tajiquistão (39,4) | 10. Síria (38,6)"
c0202,paises,Américas,Quais os países com mais gravidez na adolescência nas Américas?,SP.ADO.TFRT,2024,24,0.0158,"1. Nicarágua (93,2) | 2. Honduras (81,3) | 3. Venezuela (73,2) | 4. Paraguai (70,2) | 5. Guatemala (67,9) | 6. Bolívia (64,4) | 7. México (59,3) | 8. Colômbia (58,4) | 9. Panamá (55,9) | 10. Equador (54,3)"
c0203,paises,União Europeia,Quais os países com mais gravidez na adolescência na União Europeia?,SP.ADO.TFRT,2024,25,0.0162,"1. Bulgária (38,0) | 2. Romênia (32,8) | 3. Eslováquia (24,5) | 4. Hungria (17,4) | 5. Letônia (7,25) | 6. Chipre (6,98) | 7. Grécia (6,85) | 8. Portugal (6,57) | 9. Croácia (6,31) | 10. Polônia (5,85)"
c0204,paises,mundo,Quais os países com a maior prevalência de HIV?,SH.DYN.AIDS.ZS,2024,126,0.2857,"1. Essuatíni (23,4%) | 2. África do Sul (17,2%) | 3. Lesoto (17,1%) | 4. Botsuana (15,7%) | 5. Moçambique (11,5%) | 6. Zimbábue (9,8%) | 7. Zâmbia (9,4%) | 8. Namíbia (9,0%) | 9. Malawi (6,2%) | 10. Uganda (4,9%)"
c0205,paises,mundo,Quais os países com mais casos de tuberculose por habitante?,SH.TBS.INCD,2024,156,0.018,1. Papua-Nova Guiné (664) | 2. Filipinas (625) | 3. Lesoto (548) | 4. Timor-Leste (496) | 5. Djibuti (495) | 6. Mianmar (482) | 7. Mongólia (446) | 8. Namíbia (422) | 9. República Centro-Africana (419) | 10. África do Sul (389)
c0206,paises,Europa,Quais os países com mais casos de tuberculose por habitante na Europa?,SH.TBS.INCD,2024,37,0.1333,1. Ucrânia (86) | 2. Moldávia (64) | 3. Romênia (60) | 4. Rússia (34) | 5. Lituânia (31) | 6. Bósnia e Herzegovina (21) | 7. Letônia (21) | 8. Belarus (17) | 9. Albânia (15) | 10. Portugal (15)
c0207,paises,África,Quais os países com mais casos de tuberculose por habitante na África?,SH.TBS.INCD,2024,50,0.1136,1. Lesoto (548) | 2. Djibuti (495) | 3. Namíbia (422) | 4. República Centro-Africana (419) | 5. África do Sul (389) | 6. República Democrática do Congo (377) | 7. Angola (373) | 8. Serra Leoa (372) | 9. Gabão (371) | 10. Moçambique (361)
c0208,paises,Ásia,Quais os países com mais casos de tuberculose por habitante na Ásia?,SH.TBS.INCD,2024,42,0.0788,1. Filipinas (625) | 2. Timor-Leste (496) | 3. Mianmar (482) | 4. Mongólia (446) | 5. Indonésia (382) | 6. Camboja (272) | 7. Paquistão (266) | 8. Nepal (227) | 9. Bangladesh (221) | 10. Afeganistão (203)
c0209,paises,Américas,Quais os países com mais casos de tuberculose por habitante nas Américas?,SH.TBS.INCD,2024,24,0.0408,1. Haiti (175) | 2. Peru (139) | 3. El Salvador (116) | 4. Bolívia (114) | 5. Paraguai (81) | 6. Equador (66) | 7. Panamá (63) | 8. República Dominicana (51) | 9. Brasil (49) | 10. Colômbia (49)
c0210,paises,União Europeia,Quais os países com mais casos de tuberculose por habitante na União Europeia?,SH.TBS.INCD,2024,25,0.0606,1. Romênia (60) | 2. Lituânia (31) | 3. Letônia (21) | 4. Portugal (15) | 5. Bulgária (12) | 6. Polônia (11) | 7. Estônia (8) | 8. Espanha (8) | 9. França (8) | 10. Croácia (7)
c0211,paises,mundo,Quais os países que menos vacinam contra sarampo?,SH.IMM.MEAS,2024,156,0.0351,"1. República Centro-Africana (41,0%) | 2. Iêmen (41,0%) | 3. Benin (44,0%) | 4. Papua-Nova Guiné (44,0%) | 5. Madagascar (46,0%) | 6. Sudão (46,0%) | 7. Angola (53,0%) | 8. Guiné Equatorial (53,0%) | 9. Afeganistão (55,0%) | 10. República Democrática do Congo (55,0%)"
c0212,paises,mundo,Quais os países com o ar mais poluído?,EN.ATM.PM25.MC.M3,2023,157,0.0279,"1. Catar (107,8) | 2. Arábia Saudita (73,5) | 3. Bangladesh (69,3) | 4. Nigéria (65,7) | 5. Níger (65,2) | 6. Kuwait (62,3) | 7. Paquistão (58,4) | 8. Emirados Árabes Unidos (57,2) | 9. Bahrein (56,6) | 10. Camarões (55,6)"
c0213,paises,mundo,Quais os países com o ar mais limpo?,EN.ATM.PM25.MC.M3,2023,157,0.0869,"1. Finlândia (4,57) | 2. Suécia (5,26) | 3. Noruega (5,52) | 4. Estônia (5,92) | 5. Austrália (6,41) | 6. Canadá (6,55) | 7. Nova Zelândia (6,88) | 8. Estados Unidos (6,97) | 9. Dinamarca (7,50) | 10. Irlanda (7,51)"
c0214,paises,Europa,Quais os países com o ar mais poluído na Europa?,EN.ATM.PM25.MC.M3,2023,37,0.0367,"1. Turquia (26,4) | 2. Bósnia e Herzegovina (26,1) | 3. Macedônia do Norte (21,8) | 4. Bulgária (19,7) | 5. Sérvia (19,3) | 6. Polônia (16,5) | 7. Chipre (16,1) | 8. Romênia (16,0) | 9. Croácia (15,8) | 10. Albânia (15,5)"
c0215,paises,África,Quais os países com o ar mais poluído na África?,EN.ATM.PM25.MC.M3,2023,50,0.0351,"1. Nigéria (65,7) | 2. Níger (65,2) | 3. Camarões (55,6) | 4. Mauritânia (46,5) | 5. Egito (43,1) | 6. Chade (43,0) | 7. Guiné Equatorial (42,2) | 8. Senegal (41,6) | 9. Djibuti (40,3) | 10. Benin (39,7)"
c0216,paises,Ásia,Quais os países com o ar mais poluído na Ásia?,EN.ATM.PM25.MC.M3,2023,43,0.0529,"1. Catar (107,8) | 2. Arábia Saudita (73,5) | 3. Bangladesh (69,3) | 4. Kuwait (62,3) | 5. Paquistão (58,4) | 6. Emirados Árabes Unidos (57,2) | 7. Bahrein (56,6) | 8. Índia (54,1) | 9. Nepal (53,2) | 10. Iraque (49,5)"
c0217,paises,Europa,Quais os países que mais usam energia renovável no consumo total na Europa?,EG.FEC.RNEW.ZS,2021,37,0.0264,"1. Noruega (61,4%) | 2. Suécia (57,9%) | 3. Finlândia (50,2%) | 4. Letônia (44,0%) | 5. Albânia (41,9%) | 6. Dinamarca (39,5%) | 7. Estônia (38,0%) | 8. Bósnia e Herzegovina (36,6%) | 9. Áustria (36,0%) | 10. Croácia (34,1%)"
c0218,paises,Ásia,Quais os países que mais usam energia renovável no consumo total na Ásia?,EG.FEC.RNEW.ZS,2021,43,0.087,"1. Nepal (73,7%) | 2. Mianmar (62,9%) | 3. Camboja (52,4%) | 4. Laos (51,5%) | 5. Sri Lanka (48,8%) | 6. Paquistão (41,6%) | 7. Índia (34,9%) | 8. Tajiquistão (34,9%) | 9. Filipinas (28,0%) | 10. Quirguistão (27,6%)"
c0219,paises,Américas,Quais os países que mais usam energia renovável no consumo total nas Américas?,EG.FEC.RNEW.ZS,2021,24,0.0294,"1. Haiti (76,7%) | 2. Guatemala (62,1%) | 3. Paraguai (58,8%) | 4. Uruguai (57,8%) | 5. Nicarágua (50,4%) | 6. Brasil (46,5%) | 7. Honduras (45,9%) | 8. Costa Rica (34,2%) | 9. Venezuela (33,7%) | 10. Peru (30,6%)"
c0220,paises,mundo,Quais os países mais dependentes de energia importada?,EG.IMP.CONS.ZS,2022,133,0.0316,"1. Singapura (258,4%) | 2. Panamá (171,2%) | 3. Chipre (117,0%) | 4. Jamaica (112,6%) | 5. Países Baixos (99,4%) | 6. Líbano (96,9%) | 7. Jordânia (96,4%) | 8. República Dominicana (94,4%) | 9. Marrocos (94,0%) | 10. Grécia (92,9%)"
c0221,paises,mundo,Em quais países combustível é a maior parte do que se exporta?,TX.VAL.FUEL.ZS.UN,2023,129,0.0122,"1. Kuwait (95,5%) | 2. Angola (94,2%) | 3. Nigéria (91,6%) | 4. Azerbaijão (91,5%) | 5. Catar (86,5%) | 6. República do Congo (85,9%) | 7. Arábia Saudita (81,3%) | 8. Omã (74,2%) | 9. Noruega (68,4%) | 10. Emirados Árabes Unidos (68,2%)"
c0222,paises,Europa,Em quais países combustível é a maior parte do que se exporta na Europa?,TX.VAL.FUEL.ZS.UN,2023,34,0.0623,"1. Noruega (68,4%) | 2. Chipre (48,7%) | 3. Grécia (32,4%) | 4. Países Baixos (14,5%) | 5. Lituânia (14,3%) | 6. Bélgica (13,2%) | 7. Croácia (12,0%) | 8. Bósnia e Herzegovina (9,5%) | 9. Finlândia (9,5%) | 10. Reino Unido (9,0%)"
c0223,paises,África,Em quais países combustível é a maior parte do que se exporta na África?,TX.VAL.FUEL.ZS.UN,2023,38,0.1313,"1. Angola (94,2%) | 2. Nigéria (91,6%) | 3. República do Congo (85,9%) | 4. Moçambique (57,6%) | 5. Camarões (54,1%) | 6. Gabão (54,0%) | 7. Gana (24,5%) | 8. Senegal (21,5%) | 9. Níger (18,4%) | 10. Egito (18,2%)"
c0224,paises,Ásia,Em quais países combustível é a maior parte do que se exporta na Ásia?,TX.VAL.FUEL.ZS.UN,2023,33,0.051,"1. Kuwait (95,5%) | 2. Azerbaijão (91,5%) | 3. Catar (86,5%) | 4. Arábia Saudita (81,3%) | 5. Omã (74,2%) | 6. Emirados Árabes Unidos (68,2%) | 7. Timor-Leste (67,4%) | 8. Mongólia (61,1%) | 9. Cazaquistão (58,9%) | 10. Mianmar (24,2%)"
c0225,paises,União Europeia,Em quais países combustível é a maior parte do que se exporta na União Europeia?,TX.VAL.FUEL.ZS.UN,2023,25,0.0374,"1. Chipre (48,7%) | 2. Grécia (32,4%) | 3. Países Baixos (14,5%) | 4. Lituânia (14,3%) | 5. Bélgica (13,2%) | 6. Croácia (12,0%) | 7. Finlândia (9,5%) | 8. Estônia (8,4%) | 9. Bulgária (7,9%) | 10. Suécia (7,5%)"
c0226,paises,Europa,Em quais países produto agrícola é a maior parte do que se exporta na Europa?,TX.VAL.AGRI.ZS.UN,2023,34,0.1584,"1. Letônia (9,8%) | 2. Finlândia (6,8%) | 3. Estônia (6,6%) | 4. Bósnia e Herzegovina (4,1%) | 5. Suécia (3,7%) | 6. Croácia (3,6%) | 7. Países Baixos (2,7%) | 8. Lituânia (2,5%) | 9. Ucrânia (2,2%) | 10. Portugal (2,1%)"
c0227,paises,África,Em quais países produto agrícola é a maior parte do que se exporta na África?,TX.VAL.AGRI.ZS.UN,2023,38,0.0718,"1. Libéria (63,7%) | 2. Benin (58,1%) | 3. Camarões (14,9%) | 4. Costa do Marfim (12,6%) | 5. Quênia (12,6%) | 6. República Centro-Africana (11,7%) | 7. Etiópia (9,7%) | 8. Mali (8,4%) | 9. Lesoto (6,6%) | 10. Essuatíni (6,2%)"
c0228,paises,Ásia,Em quais países produto agrícola é a maior parte do que se exporta na Ásia?,TX.VAL.AGRI.ZS.UN,2023,34,0.2332,"1. Tajiquistão (16,2%) | 2. Laos (10,3%) | 3. Indonésia (3,7%) | 4. Tailândia (3,6%) | 5. Sri Lanka (3,2%) | 6. Mongólia (2,7%) | 7. Camboja (2,4%) | 8. Mianmar (2,1%) | 9. Paquistão (2,0%) | 10. Vietnã (1,9%)"
c0229,paises,mundo,Quais os países com mais água doce por habitante?,ER.H2O.INTR.PC,2022,155,0.1562,1. Papua-Nova Guiné (78.505) | 2. Canadá (73.170) | 3. Noruega (70.000) | 4. Gabão (67.469) | 5. Nova Zelândia (64.349) | 6. Peru (49.021) | 7. Chile (45.262) | 8. Colômbia (41.459) | 9. Libéria (37.221) | 10. República do Congo (36.785)
c0230,paises,mundo,Quais os países com menos água doce por habitante?,ER.H2O.INTR.PC,2022,155,0.1534,1. Kuwait (0) | 2. Bahrein (3) | 3. Egito (9) | 4. Emirados Árabes Unidos (15) | 5. Catar (21) | 6. Iêmen (55) | 7. Jordânia (61) | 8. Arábia Saudita (75) | 9. Sudão (81) | 10. Mauritânia (82)
c0231,paises,mundo,Quais os países onde mais chove?,AG.LND.PRCP.MM,2022,154,0.018,1. Colômbia (3.240) | 2. Papua-Nova Guiné (3.142) | 3. Panamá (2.928) | 4. Costa Rica (2.926) | 5. Malásia (2.875) | 6. Indonésia (2.702) | 7. Bangladesh (2.666) | 8. Serra Leoa (2.526) | 9. Singapura (2.497) | 10. Libéria (2.391)
c0232,paises,Europa,Quais os países onde mais chove na Europa?,AG.LND.PRCP.MM,2022,36,0.015,1. Suíça (1.537) | 2. Albânia (1.485) | 3. Noruega (1.414) | 4. Reino Unido (1.220) | 5. Eslovênia (1.162) | 6. Irlanda (1.118) | 7. Croácia (1.113) | 8. Áustria (1.110) | 9. Bósnia e Herzegovina (1.028) | 10. França (867)
c0233,paises,África,Quais os países onde mais chove na África?,AG.LND.PRCP.MM,2022,50,0.0194,1. Serra Leoa (2.526) | 2. Libéria (2.391) | 3. Guiné Equatorial (2.156) | 4. Maurício (2.041) | 5. Gabão (1.831) | 6. Guiné (1.651) | 7. República do Congo (1.646) | 8. Camarões (1.604) | 9. Guiné-Bissau (1.577) | 10. República Democrática do Congo (1.543)
c0234,paises,Ásia,Quais os países onde mais chove na Ásia?,AG.LND.PRCP.MM,2022,41,0.0257,1. Malásia (2.875) | 2. Indonésia (2.702) | 3. Bangladesh (2.666) | 4. Singapura (2.497) | 5. Filipinas (2.348) | 6. Mianmar (2.091) | 7. Camboja (1.904) | 8. Laos (1.834) | 9. Vietnã (1.821) | 10. Sri Lanka (1.712)
c0235,paises,Américas,Quais os países onde mais chove nas Américas?,AG.LND.PRCP.MM,2022,24,0.0972,1. Colômbia (3.240) | 2. Panamá (2.928) | 3. Costa Rica (2.926) | 4. Nicarágua (2.280) | 5. Equador (2.274) | 6. Trindade e Tobago (2.200) | 7. Jamaica (2.051) | 8. Venezuela (2.044) | 9. Guatemala (1.996) | 10. Honduras (1.976)
c0236,paises,União Europeia,Quais os países onde mais chove na União Europeia?,AG.LND.PRCP.MM,2022,25,0.0964,1. Eslovênia (1.162) | 2. Irlanda (1.118) | 3. Croácia (1.113) | 4. Áustria (1.110) | 5. França (867) | 6. Portugal (854) | 7. Bélgica (847) | 8. Itália (832) | 9. Eslováquia (824) | 10. Países Baixos (778)
c0237,paises,mundo,Quais os países onde mais gente morre por habitante?,SP.DYN.CDRT.IN,2024,158,0.0104,"1. Bulgária (15,6) | 2. Sérvia (14,9) | 3. Letônia (14,3) | 4. Moldávia (13,8) | 5. Ucrânia (13,6) | 6. Bósnia e Herzegovina (13,5) | 7. Hungria (13,4) | 8. Japão (13,3) | 9. Croácia (13,2) | 10. Belarus (13,1)"
c0238,paises,mundo,Quais os países onde menos gente morre por habitante?,SP.DYN.CDRT.IN,2024,158,0.0157,"1. Emirados Árabes Unidos (0,97) | 2. Catar (1,05) | 3. Kuwait (1,52) | 4. Omã (1,90) | 5. Bahrein (2,21) | 6. Arábia Saudita (2,34) | 7. Jordânia (3,12) | 8. Iraque (4,17) | 9. Quirguistão (4,40) | 10. Honduras (4,52)"
c0239,paises,Europa,Quais os países onde mais gente morre por habitante na Europa?,SP.DYN.CDRT.IN,2024,38,0.0154,"1. Bulgária (15,6) | 2. Sérvia (14,9) | 3. Letônia (14,3) | 4. Moldávia (13,8) | 5. Ucrânia (13,6) | 6. Bósnia e Herzegovina (13,5) | 7. Hungria (13,4) | 8. Croácia (13,2) | 9. Belarus (13,1) | 10. Lituânia (13,0)"
c0240,paises,Ásia,Quais os países onde mais gente morre por habitante na Ásia?,SP.DYN.CDRT.IN,2024,43,0.0303,"1. Japão (13,3) | 2. Geórgia (11,8) | 3. Coreia do Norte (9,86) | 4. Mianmar (9,18) | 5. Tailândia (9,03) | 6. Armênia (8,40) | 7. Sri Lanka (7,80) | 8. China (7,76) | 9. Indonésia (7,62) | 10. Timor-Leste (7,22)"
c0241,paises,Américas,Quais os países onde mais gente morre por habitante nas Américas?,SP.DYN.CDRT.IN,2024,24,0.0399,"1. Cuba (10,4) | 2. Uruguai (9,93) | 3. Estados Unidos (9,00) | 4. Trindade e Tobago (8,74) | 5. Jamaica (8,21) | 6. Canadá (7,90) | 7. Haiti (7,80) | 8. Argentina (7,73) | 9. Venezuela (7,68) | 10. El Salvador (7,47)"
c0242,paises,mundo,Quais os países com a menor matrícula no ensino médio?,SE.SEC.ENRR,2023,111,0.0063,"1. Somália (3,3%) | 2. Níger (21,6%) | 3. Chade (24,2%) | 4. Burkina Faso (30,9%) | 5. Malawi (36,6%) | 6. Mali (38,9%) | 7. Síria (39,5%) | 8. Paquistão (42,3%) | 9. Senegal (44,1%) | 10. Camarões (44,8%)"
c0243,paises,mundo,Em quais países a agricultura mais pesa na economia?,NV.AGR.TOTL.ZS,2025,135,0.0062,"1. Níger (47,6%) | 2. Guiné-Bissau (40,6%) | 3. Chade (36,3%) | 4. Burundi (34,3%) | 5. Mali (33,0%) | 6. Etiópia (32,8%) | 7. Libéria (32,7%) | 8. Guiné (31,3%) | 9. Malawi (30,0%) | 10. Serra Leoa (29,5%)"
c0244,paises,África,Em quais países a agricultura mais pesa na economia na África?,NV.AGR.TOTL.ZS,2025,47,0.0062,"1. Níger (47,6%) | 2. Guiné-Bissau (40,6%) | 3. Chade (36,3%) | 4. Burundi (34,3%) | 5. Mali (33,0%) | 6. Etiópia (32,8%) | 7. Libéria (32,7%) | 8. Guiné (31,3%) | 9. Malawi (30,0%) | 10. Serra Leoa (29,5%)"
c0245,paises,Ásia,Em quais países a agricultura mais pesa na economia na Ásia?,NV.AGR.TOTL.ZS,2025,32,0.0189,"1. Mianmar (25,3%) | 2. Paquistão (23,0%) | 3. Nepal (21,6%) | 4. Laos (16,6%) | 5. Uzbequistão (16,6%) | 6. Índia (16,2%) | 7. Camboja (16,1%) | 8. Indonésia (13,1%) | 9. Turquemenistão (12,4%) | 10. Vietnã (11,6%)"
c0246,linguas,mundo,Em quais países se fala o maior número de línguas?,,,194,0.2303,1. Papua-Nova Guiné (899) | 2. Indonésia (756) | 3. Nigéria (589) | 4. Índia (518) | 5. China (452) | 6. Austrália (401) | 7. México (339) | 8. Brasil (337) | 9. Estados Unidos (323) | 10. Camarões (317)
c0247,linguas,África,Em quais países se fala o maior número de línguas na África?,,,54,0.0745,1. Nigéria (589) | 2. Camarões (317) | 3. República Democrática do Congo (244) | 4. Chade (146) | 5. Tanzânia (143) | 6. Costa do Marfim (112) | 7. Etiópia (105) | 8. Sudão (103) | 9. Gana (96) | 10. República Centro-Africana (94)
c0248,linguas,Ásia,Em quais países se fala o maior número de línguas na Ásia?,,,46,0.1042,1. Indonésia (756) | 2. Índia (518) | 3. China (452) | 4. Filipinas (179) | 5. Mianmar (150) | 6. Malásia (131) | 7. Nepal (129) | 8. Vietnã (120) | 9. Laos (106) | 10. Irã (96)
c0249,linguas,mundo,Quais as famílias linguísticas com mais línguas?,,,238,0.1368,1. Atlântico-Congo (1.408) | 2. Austronésia (1.276) | 3. Indo-europeia (586) | 4. Sino-tibetana (519) | 5. Afro-asiática (381) | 6. Trans-Nova Guiné Nuclear (317) | 7. Pama-Nyungan (250) | 8. Oto-mangue (181) | 9. Austro-asiática (158) | 10. Tai-Kadai (95)
